cfg_id,geom,N_o,d_max_m,d_short,d_long,d_int,N_total,B_max_m,sigma_th_mJy,sigma_c_mJy,sigma_total_mJy,n_det_low,MSL_dB,HPBW_arcmin,uv_reach_klam,f_det,f_sens,f_beam,f_uv,F_score
asym_no6_sh500_lo10000_int1000,asymmetric,6,10000,500,10000,1000,16960,11983.65,9.532501393828522,0.09191330804587071,9.532944502069581,2,-4.402931454087199,250.28545173511097,0.29959125,0.9999999995,0.999531552839511,0.6843270067004508,0.7997817599856328,0.8709100797563987
asym_no6_sh1000_lo10000_int1000,asymmetric,6,10000,1000,10000,1000,16960,11983.65,9.532501393828522,0.09191330804587071,9.532944502069581,2,-4.360106054334797,251.04253810231765,0.29959125,0.9999999995,0.999531552839511,0.6261755450082438,0.7997817599856328,0.856372214333347
asym_no6_sh250_lo10000_int1000,asymmetric,6,10000,250,10000,1000,16960,11983.65,9.532501393828522,0.09191330804587071,9.532944502069581,2,-4.358388019830324,249.95730694600047,0.29959125,0.9999999995,0.999531552839511,0.6238426720344855,0.7997817599856328,0.8557889960899073
asym_no6_sh2000_lo10000_int1000,asymmetric,6,10000,2000,10000,1000,16960,11983.65,9.532501393828522,0.09191330804587071,9.532944502069581,2,-4.262985280310447,252.02505862999936,0.29959125,0.9999999995,0.999531552839511,0.49429785086301253,0.7997817599856328,0.8234027907970392
asym_no6_sh500_lo7000_int1000,asymmetric,6,7000,500,7000,1000,16960,8983.65,9.532501393828522,0.12260683730598348,9.533289844534094,2,-4.409396263217429,250.2713107411498,0.22459125,0.9999999995,0.9985183795252245,0.6931053976240044,0.5995635226408425,0.8227968248225178
asym_no6_sh500_lo10000_int2000,asymmetric,6,10000,500,10000,2000,16960,12983.65,9.532501393828522,0.08483415017840887,9.532878875574745,2,-4.209172372089876,252.37973448275193,0.32459125,0.9999999995,0.999724089292772,0.4212267461208011,0.8665211724338965,0.8218680018368674
asym_no6_sh500_lo7000_int5000,asymmetric,6,7000,500,7000,5000,16960,12983.65,9.532501393828522,0.08483415017840887,9.532878875574745,2,-4.208706053353623,252.61987363764547,0.32459125,0.9999999995,0.999724089292772,0.4205935444161038,0.8665211724338965,0.8217097014106931
sym_no6_d7000,symmetric,6,7000,7000,7000,7000,16960,14983.65,9.532501393828522,0.07351058747127026,9.532784830772858,2,-4.093983908749173,253.92136369391253,0.37459125,0.9999999995,1.0,0.26481542125125496,0.9999999973304234,0.8162038545204195
asym_no6_sh500_lo10000_int3000,asymmetric,6,10000,500,10000,3000,16960,13983.65,9.532501393828522,0.07876748302223656,9.532826817881693,2,-4.122704642194465,252.75680048267972,0.34959125,0.9999999995,0.9998768172970685,0.303814534870091,0.93326058488216,0.8092379841373298
asym_no6_sh1000_lo7000_int1000,asymmetric,6,7000,1000,7000,1000,16960,8983.65,9.532501393828522,0.12260683730598348,9.533289844534094,2,-4.36813165398587,251.029521020267,0.22459125,0.9999999995,0.9985183795252245,0.6370732915176661,0.5995635226408425,0.8087887982959332
asym_no6_sh250_lo7000_int1000,asymmetric,6,7000,250,7000,1000,16960,8983.65,9.532501393828522,0.12260683730598348,9.533289844534094,2,-4.3640358925821445,249.9305416374835,0.22459125,0.9999999995,0.9985183795252245,0.6315117669610669,0.5995635226408425,0.8073984171567834
asym_no6_sh1000_lo7000_int5000,asymmetric,6,7000,1000,7000,5000,16960,12983.65,9.532501393828522,0.08483415017840887,9.532878875574745,2,-4.166192497976503,253.3787283162561,0.32459125,0.9999999995,0.999724089292772,0.36286552783702974,0.8665211724338965,0.8072776972659246
asym_no6_sh1000_lo10000_int2000,asymmetric,6,10000,1000,10000,2000,16960,12983.65,9.532501393828522,0.08483415017840887,9.532878875574745,2,-4.165761789150341,253.5750450354612,0.32459125,0.9999999995,0.999724089292772,0.3622806798741419,0.8665211724338965,0.8071314852752026
asym_no6_sh250_lo10000_int2000,asymmetric,6,10000,250,10000,2000,16960,12983.65,9.532501393828522,0.08483415017840887,9.532878875574745,2,-4.165499074122534,252.45167956974234,0.32459125,0.9999999995,0.999724089292772,0.36192394618423335,0.8665211724338965,0.8070423018527254
asym_no6_sh250_lo7000_int5000,asymmetric,6,7000,250,7000,5000,16960,12983.65,9.532501393828522,0.08483415017840887,9.532878875574745,2,-4.164431537662609,252.2802066428659,0.32459125,0.9999999995,0.999724089292772,0.36047436705798364,0.8665211724338965,0.806679907071163
asym_no6_sh1000_lo10000_int3000,asymmetric,6,10000,1000,10000,3000,16960,13983.65,9.532501393828522,0.07876748302223656,9.532826817881693,2,-4.079770151340431,253.94525547543216,0.34959125,0.9999999995,0.9998768172970685,0.24551494129693832,0.93326058488216,0.7946630857440418
asym_no6_sh250_lo10000_int3000,asymmetric,6,10000,250,10000,3000,16960,13983.65,9.532501393828522,0.07876748302223656,9.532826817881693,2,-4.079111827798596,252.84735874140964,0.34959125,0.9999999995,0.9998768172970685,0.24462102141655395,0.93326058488216,0.7944396057739456
asym_no6_sh500_lo5000_int1000,asymmetric,6,5000,500,5000,1000,16960,6983.65,9.532501393828522,0.15771937510669898,9.533806072321104,2,-4.402413650043172,250.3112078210423,0.17459125,0.9999999995,0.9970038590951085,0.6836238944772292,0.46608469774431543,0.7866781127041633
asym_no6_sh500_lo5000_int5000,asymmetric,6,5000,500,5000,5000,16960,10983.65,9.532501393828522,0.10028150150122213,9.53302885776006,2,-4.201230759543208,252.10218562742952,0.27459125,0.9999999995,0.9992840682603351,0.4104430434478089,0.7330423475373695,0.7856923646863783
asym_no6_sh2000_lo7000_int1000,asymmetric,6,7000,2000,7000,1000,16960,8983.65,9.532501393828522,0.12260683730598348,9.533289844534094,2,-4.270190486241408,252.00699421097164,0.22459125,0.9999999995,0.9985183795252245,0.504081606743896,0.5995635226408425,0.7755408771024908
asym_no6_sh2000_lo7000_int5000,asymmetric,6,7000,2000,7000,5000,16960,12983.65,9.532501393828522,0.08483415017840887,9.532878875574745,2,-4.06947828102138,254.41773413613188,0.32459125,0.9999999995,0.999724089292772,0.23153988663172412,0.8665211724338965,0.7744462869645982
asym_no6_sh2000_lo10000_int2000,asymmetric,6,10000,2000,10000,2000,16960,12983.65,9.532501393828522,0.08483415017840887,9.532878875574745,2,-4.068573887897589,254.61834461805086,0.32459125,0.9999999995,0.999724089292772,0.2303118354659003,0.8665211724338965,0.7741392741731422
asym_no6_sh500_lo7000_int2000,asymmetric,6,7000,500,7000,2000,16960,9983.65,9.532501393828522,0.11032607452824353,9.533139811523984,2,-4.216549536542254,251.78878309152543,0.24959125000000001,0.9999999995,0.9989585496685625,0.43124399986577067,0.666302935089106,0.7741263710308598
asym_no6_sh1000_lo5000_int1000,asymmetric,6,5000,1000,5000,1000,16960,6983.65,9.532501393828522,0.15771937510669898,9.533806072321104,2,-4.359683481244128,251.065027755,0.17459125,0.9999999995,0.9970038590951085,0.6256017443423704,0.46608469774431543,0.7721725751704486
asym_no6_sh250_lo5000_int1000,asymmetric,6,5000,250,5000,1000,16960,6983.65,9.532501393828522,0.15771937510669898,9.533806072321104,2,-4.357826680154701,249.9779887082915,0.17459125,0.9999999995,0.9970038590951085,0.6230804439447997,0.46608469774431543,0.7715422500710559
sym_no6_d500,symmetric,6,500,500,500,500,16960,1983.65,9.532501393828522,0.5552677710099555,9.548659859941871,2,-4.6354075043135,247.19476746697129,0.04959125,0.9999999995,0.9534254904323877,1.0,0.1323876355029979,0.7714532813588464
asym_no6_sh1000_lo5000_int5000,asymmetric,6,5000,1000,5000,5000,16960,10983.65,9.532501393828522,0.10028150150122213,9.53302885776006,2,-4.1581049270368995,252.85493955183944,0.27459125,0.9999999995,0.9992840682603351,0.3518836321770598,0.7330423475373695,0.7710525118686911
asym_no6_sh250_lo5000_int5000,asymmetric,6,5000,250,5000,5000,16960,10983.65,9.532501393828522,0.10028150150122213,9.53302885776006,2,-4.157714655697954,251.77067163682497,0.27459125,0.9999999995,0.9992840682603351,0.35135369319347853,0.7330423475373695,0.7709200271227958
asym_no5_sh500_lo10000_int1000,asymmetric,5,10000,500,10000,1000,16784,11983.65,9.632463871666582,0.09191330804587071,9.632902381689428,2,-4.305747906199877,249.80917274942578,0.29959125,0.9999999995,0.7062729281687653,0.5523640736103649,0.7997817599856328,0.7646046903161907
asym_no6_sh2000_lo10000_int3000,asymmetric,6,10000,2000,10000,3000,16960,13983.65,9.532501393828522,0.07876748302223656,9.532826817881693,2,-3.982429364662151,254.96911749926906,0.34959125,0.9999999995,0.9998768172970685,0.1133384978699541,0.93326058488216,0.7616189748872957
asym_no6_sh500_lo7000_int3000,asymmetric,6,7000,500,7000,3000,16960,10983.65,9.532501393828522,0.10028150150122213,9.53302885776006,2,-4.128702035695512,252.75225915657276,0.27459125,0.9999999995,0.9992840682603351,0.31195823464745615,0.7330423475373695,0.7610711624862903
asym_no6_sh1000_lo7000_int2000,asymmetric,6,7000,1000,7000,2000,16960,9983.65,9.532501393828522,0.11032607452824353,9.533139811523984,2,-4.173411376703745,252.98728986464909,0.24959125000000001,0.9999999995,0.9989585496685625,0.37266784964126143,0.666302935089106,0.7594823334747325
asym_no6_sh250_lo7000_int2000,asymmetric,6,7000,250,7000,2000,16960,9983.65,9.532501393828522,0.11032607452824353,9.533139811523984,2,-4.1722174374130985,251.851328080848,0.24959125000000001,0.9999999995,0.9989585496685625,0.37104663150145933,0.666302935089106,0.759077028939782
asym_no5_sh1000_lo10000_int1000,asymmetric,5,10000,1000,10000,1000,16784,11983.65,9.632463871666582,0.09191330804587071,9.632902381689428,2,-4.275845620179601,250.3292804627533,0.29959125,0.9999999995,0.7062729281687653,0.511760561440698,0.7997817599856328,0.7544538122737741
asym_no5_sh250_lo10000_int1000,asymmetric,5,10000,250,10000,1000,16784,11983.65,9.632463871666582,0.09191330804587071,9.632902381689428,2,-4.275205396185245,249.5477301397298,0.29959125,0.9999999995,0.7062729281687653,0.510891218450382,0.7997817599856328,0.7542364765261951
asym_no6_sh1000_lo7000_int3000,asymmetric,6,7000,1000,7000,3000,16960,10983.65,9.532501393828522,0.10028150150122213,9.53302885776006,2,-4.087058323343671,253.9448513909289,0.27459125,0.9999999995,0.9992840682603351,0.2554113545821141,0.7330423475373695,0.7469344424699547
asym_no6_sh250_lo7000_int3000,asymmetric,6,7000,250,7000,3000,16960,10983.65,9.532501393828522,0.10028150150122213,9.53302885776006,2,-4.084345937312129,252.8309868455804,0.27459125,0.9999999995,0.9992840682603351,0.25172827833951983,0.7330423475373695,0.7460136734093061
sym_no5_d7000,symmetric,5,7000,7000,7000,7000,16784,14983.65,9.632463871666582,0.07351058747127026,9.632744367283516,2,-4.091384404384498,252.45889716668412,0.37459125,0.9999999995,0.7067365143065678,0.2612856239964688,0.9999999973304234,0.742005533783365
asym_no6_sh500_lo3000_int1000,asymmetric,6,3000,500,3000,1000,16960,4983.650000000001,9.532501393828522,0.22101409889617013,9.535063190941822,2,-4.363644718542952,250.82344536494466,0.12459125000000001,0.9999999995,0.9933156968495539,0.6309806022250318,0.3326058728477885,0.7392255428555935
asym_no6_sh2000_lo5000_int1000,asymmetric,6,5000,2000,5000,1000,16960,6983.65,9.532501393828522,0.15771937510669898,9.533806072321104,2,-4.262518011770293,252.04393655881387,0.17459125,0.9999999995,0.9970038590951085,0.4936633594450726,0.46608469774431543,0.7391879789461242
asym_no6_sh500_lo3000_int5000,asymmetric,6,3000,500,3000,5000,16960,8983.65,9.532501393828522,0.12260683730598348,9.533289844534094,2,-4.1619626136817995,252.64607390925943,0.22459125,0.9999999995,0.9985183795252245,0.35712188140411727,0.5995635226408425,0.738800945767546
asym_no6_sh2000_lo5000_int5000,asymmetric,6,5000,2000,5000,5000,16960,10983.65,9.532501393828522,0.10028150150122213,9.53302885776006,2,-4.061353818685527,253.89072734870743,0.27459125,0.9999999995,0.9992840682603351,0.2205078971342618,0.7330423475373695,0.7382085781079917
asym_no6_sh500_lo5000_int2000,asymmetric,6,5000,500,5000,2000,16960,7983.65,9.532501393828522,0.13796407833057542,9.533499719948196,2,-4.208831147069261,251.86988227885055,0.19959125,0.9999999995,0.9979026424214982,0.42076340581739585,0.5328241101925789,0.7378725394828681
sym_no6_d5000,symmetric,6,5000,5000,5000,5000,16960,10983.65,9.532501393828522,0.10028150150122213,9.53302885776006,2,-4.057782561932522,253.76375424611695,0.27459125,0.9999999995,0.9992840682603351,0.21565858337499588,0.7330423475373695,0.736996249668175
asym_no5_sh500_lo7000_int5000,asymmetric,5,7000,500,7000,5000,16784,12983.65,9.632463871666582,0.08483415017840887,9.632837436186621,2,-4.171432236464852,251.4158749411462,0.32459125,0.9999999995,0.706463466712641,0.3699804281939221,0.8665211724338965,0.735741266710115
asym_no5_sh500_lo10000_int2000,asymmetric,5,10000,500,10000,2000,16784,12983.65,9.632463871666582,0.08483415017840887,9.632837436186621,2,-4.171289113659245,251.26938387314365,0.32459125,0.9999999995,0.706463466712641,0.3697860855749236,0.8665211724338965,0.7356926810553653
sym_no6_d1000,symmetric,6,1000,1000,1000,1000,16960,2983.65,9.532501393828522,0.3691642498161307,9.539647009543122,2,-4.460971144418044,250.1835087225726,0.07459125,0.9999999995,0.9798675890678564,0.7631375455025426,0.1991270479512614,0.7355330455054151
asym_no5_sh500_lo10000_int3000,asymmetric,5,10000,500,10000,3000,16784,13983.65,9.632463871666582,0.07876748302223656,9.632785918691622,2,-4.111420055117742,251.5282662407664,0.34959125,0.9999999995,0.7066146098720129,0.2884914967455575,0.93326058488216,0.7320916727499327
asym_no5_sh2000_lo10000_int1000,asymmetric,5,10000,2000,10000,1000,16784,11983.65,9.632463871666582,0.09191330804587071,9.632902381689428,2,-4.2085033122554485,251.01148366106486,0.29959125,0.9999999995,0.7062729281687653,0.42031824771666604,0.7997817599856328,0.731593233842766
asym_no6_sh2000_lo7000_int2000,asymmetric,6,7000,2000,7000,2000,16960,9983.65,9.532501393828522,0.11032607452824353,9.533139811523984,2,-4.076399095564783,254.02007442880875,0.24959125000000001,0.9999999995,0.9989585496685625,0.2409374750751811,0.666302935089106,0.7265497398332124
asym_no5_sh1000_lo7000_int5000,asymmetric,5,7000,1000,7000,5000,16784,12983.65,9.632463871666582,0.08483415017840887,9.632837436186621,2,-4.141682014571797,251.92962196361538,0.32459125,0.9999999995,0.706463466712641,0.3295833998240554,0.8665211724338965,0.7256420096176482
asym_no5_sh250_lo10000_int2000,asymmetric,5,10000,250,10000,2000,16784,12983.65,9.632463871666582,0.08483415017840887,9.632837436186621,2,-4.141162051452701,251.25738023031627,0.32459125,0.9999999995,0.706463466712641,0.32887735585070554,0.8665211724338965,0.7254654986243108
asym_no5_sh1000_lo10000_int2000,asymmetric,5,10000,1000,10000,2000,16784,12983.65,9.632463871666582,0.08483415017840887,9.632837436186621,2,-4.141108700627874,252.06973547459734,0.32459125,0.9999999995,0.706463466712641,0.3288049121966094,0.8665211724338965,0.7254473877107868
asym_no5_sh250_lo7000_int5000,asymmetric,5,7000,250,7000,5000,16784,12983.65,9.632463871666582,0.08483415017840887,9.632837436186621,2,-4.141011138589233,251.14304017790863,0.32459125,0.9999999995,0.706463466712641,0.3286724353210769,0.8665211724338965,0.7254142684919036
asym_no6_sh500_lo5000_int3000,asymmetric,6,5000,500,5000,3000,16960,8983.65,9.532501393828522,0.12260683730598348,9.533289844534094,2,-4.1221726927279,252.78397650755934,0.22459125,0.9999999995,0.9985183795252245,0.3030922149570017,0.5995635226408425,0.7252935291557672
asym_no6_sh1000_lo3000_int1000,asymmetric,6,3000,1000,3000,1000,16960,4983.650000000001,9.532501393828522,0.22101409889617013,9.535063190941822,2,-4.320546524510452,251.5816661678345,0.12459125000000001,0.9999999995,0.9933156968495539,0.572458720496568,0.3326058728477885,0.7245950724234775
asym_no6_sh1000_lo3000_int5000,asymmetric,6,3000,1000,3000,5000,16960,8983.65,9.532501393828522,0.12260683730598348,9.533289844534094,2,-4.118874900154847,253.40323220310646,0.22459125,0.9999999995,0.9985183795252245,0.2986142308730353,0.5995635226408425,0.7241740331347755
asym_no6_sh250_lo3000_int1000,asymmetric,6,3000,250,3000,1000,16960,4983.650000000001,9.532501393828522,0.22101409889617013,9.535063190941822,2,-4.319194434695611,250.49760438277826,0.12459125000000001,0.9999999995,0.9933156968495539,0.5706227540017597,0.3326058728477885,0.7241360807997755
asym_no6_sh250_lo3000_int5000,asymmetric,6,3000,250,3000,5000,16960,8983.65,9.532501393828522,0.12260683730598348,9.533289844534094,2,-4.118362539500239,252.3220262156612,0.22459125,0.9999999995,0.9985183795252245,0.29791851008230613,0.5995635226408425,0.7240001029370933
asym_no6_sh1000_lo5000_int2000,asymmetric,6,5000,1000,5000,2000,16960,7983.65,9.532501393828522,0.13796407833057542,9.533499719948196,2,-4.1653834637127405,253.06123033784476,0.19959125,0.9999999995,0.9979026424214982,0.3617669619095921,0.5328241101925789,0.7231234285059173
asym_no6_sh250_lo5000_int2000,asymmetric,6,5000,250,5000,2000,16960,7983.65,9.532501393828522,0.13796407833057542,9.533499719948196,2,-4.165192840464125,251.9382015405253,0.19959125,0.9999999995,0.9979026424214982,0.3615081197130549,0.5328241101925789,0.7230587179567829
asym_no5_sh1000_lo10000_int3000,asymmetric,5,10000,1000,10000,3000,16784,13983.65,9.632463871666582,0.07876748302223656,9.632785918691622,2,-4.08146874349541,252.31655606616985,0.34959125,0.9999999995,0.7066146098720129,0.24782141402578733,0.93326058488216,0.72192415206999
asym_no5_sh250_lo10000_int3000,asymmetric,5,10000,250,10000,3000,16784,13983.65,9.632463871666582,0.07876748302223656,9.632785918691622,2,-4.0813296187917985,251.53525179374637,0.34959125,0.9999999995,0.7066146098720129,0.24763250032225406,0.93326058488216,0.7218769236441067
asym_no5_sh500_lo7000_int1000,asymmetric,5,7000,500,7000,1000,16784,8983.65,9.632463871666582,0.12260683730598348,9.633244140761517,2,-4.310720730153961,249.81416356249082,0.22459125,0.9999999995,0.7052702678899476,0.5591165378801652,0.5995635226408425,0.7159875819777388
asym_no6_sh2000_lo7000_int3000,asymmetric,6,7000,2000,7000,3000,16960,10983.65,9.532501393828522,0.10028150150122213,9.53302885776006,2,-3.9891244647770616,254.9628127749883,0.27459125,0.9999999995,0.9992840682603351,0.12242959474490826,0.7330423475373695,0.7136890025106533
asym_no6_sh1000_lo5000_int3000,asymmetric,6,5000,1000,5000,3000,16960,8983.65,9.532501393828522,0.12260683730598348,9.533289844534094,2,-4.079317411463591,253.9692278171097,0.22459125,0.9999999995,0.9985183795252245,0.24490017796123556,0.5995635226408425,0.7107455199068256
asym_no6_sh250_lo5000_int3000,asymmetric,6,5000,250,5000,3000,16960,8983.65,9.532501393828522,0.12260683730598348,9.533289844534094,2,-4.078539212958962,252.86937906579658,0.22459125,0.9999999995,0.9985183795252245,0.2438434830840713,0.5995635226408425,0.7104813461875346
asym_no5_sh1000_lo7000_int1000,asymmetric,5,7000,1000,7000,1000,16784,8983.65,9.632463871666582,0.12260683730598348,9.633244140761517,2,-4.281557651383942,250.33412621398094,0.22459125,0.9999999995,0.7052702678899476,0.5195167754091448,0.5995635226408425,0.7060876413599837
asym_no5_sh250_lo7000_int1000,asymmetric,5,7000,250,7000,1000,16784,8983.65,9.632463871666582,0.12260683730598348,9.633244140761517,2,-4.279783843382844,249.53941199358533,0.22459125,0.9999999995,0.7052702678899476,0.5171081691002357,0.5995635226408425,0.7054854897827565
asym_no5_sh2000_lo7000_int5000,asymmetric,5,7000,2000,7000,5000,16784,12983.65,9.632463871666582,0.08483415017840887,9.632837436186621,2,-4.074530407613201,252.65827861992105,0.32459125,0.9999999995,0.706463466712641,0.23840003382631078,0.8665211724338965,0.7028461681182121
asym_no5_sh2000_lo10000_int2000,asymmetric,5,10000,2000,10000,2000,16784,12983.65,9.632463871666582,0.08483415017840887,9.632837436186621,2,-4.073731010333358,252.79942609453383,0.32459125,0.9999999995,0.706463466712641,0.23731455370086105,0.8665211724338965,0.7025747980868496
asym_no5_sh500_lo5000_int5000,asymmetric,5,5000,500,5000,5000,16784,10983.65,9.632463871666582,0.10028150150122213,9.632985862052601,2,-4.165897820032893,251.05421706968605,0.27459125,0.9999999995,0.7060280116440819,0.3624653925610383,0.7330423475373695,0.7003839378106225
asym_no5_sh2000_lo10000_int3000,asymmetric,5,10000,2000,10000,3000,16784,13983.65,9.632463871666582,0.07876748302223656,9.632785918691622,2,-4.014017824422026,253.02080166499,0.34959125,0.9999999995,0.7066146098720129,0.15623162013530253,0.93326058488216,0.6990267035973688
asym_no6_sh2000_lo3000_int1000,asymmetric,6,3000,2000,3000,1000,16960,4983.650000000001,9.532501393828522,0.22101409889617013,9.535063190941822,2,-4.22321659111779,252.56674317675848,0.12459125000000001,0.9999999995,0.9933156968495539,0.4402970144550253,0.3326058728477885,0.6915546459130919
asym_no6_sh2000_lo3000_int5000,asymmetric,6,3000,2000,3000,5000,16960,8983.65,9.532501393828522,0.12260683730598348,9.533289844534094,2,-4.021917965379055,254.44577717323395,0.22459125,0.9999999995,0.9985183795252245,0.16695900964904475,0.5995635226408425,0.6912602278287778
asym_no6_sh500_lo3000_int2000,asymmetric,6,3000,500,3000,2000,16960,5983.650000000001,9.532501393828522,0.1840777642348564,9.534278548827302,2,-4.169097328354622,252.36098249506816,0.14959125,0.9999999995,0.9956176971344516,0.36680991909624,0.39934528529605196,0.6904432252566859
asym_no5_sh1000_lo5000_int5000,asymmetric,5,5000,1000,5000,5000,16784,10983.65,9.632463871666582,0.10028150150122213,9.632985862052601,2,-4.135855231588082,251.56348006345618,0.27459125,0.9999999995,0.7060280116440819,0.32167136749218417,0.7330423475373695,0.6901854315434088
asym_no5_sh250_lo5000_int5000,asymmetric,5,5000,250,5000,5000,16784,10983.65,9.632463871666582,0.10028150150122213,9.632985862052601,2,-4.135844928800298,250.78951508119758,0.27459125,0.9999999995,0.7060280116440819,0.3216573776129852,0.7330423475373695,0.6901819340736093
asym_no6_sh2000_lo5000_int2000,asymmetric,6,5000,2000,5000,2000,16960,7983.65,9.532501393828522,0.13796407833057542,9.533499719948196,2,-4.0681525018896725,254.09649416549843,0.19959125,0.9999999995,0.9979026424214982,0.22973964670785804,0.5328241101925789,0.6901165997054837
asym_no5_sh500_lo7000_int2000,asymmetric,5,7000,500,7000,2000,16784,9983.65,9.632463871666582,0.11032607452824353,9.633095664514224,2,-4.176687842358841,250.87816662552117,0.24959125000000001,0.9999999995,0.7057058707683114,0.37711687447534786,0.666302935089106,0.6872814199581913
asym_no5_sh500_lo7000_int3000,asymmetric,5,7000,500,7000,3000,16784,10983.65,9.632463871666582,0.10028150150122213,9.632985862052601,2,-4.116154315513591,251.5467075599387,0.27459125,0.9999999995,0.7060280116440819,0.29492002195820777,0.7330423475373695,0.6834975951599149
asym_no5_sh2000_lo7000_int1000,asymmetric,5,7000,2000,7000,1000,16784,8983.65,9.632463871666582,0.12260683730598348,9.633244140761517,2,-4.2138213933914965,251.01030923315062,0.22459125,0.9999999995,0.7052702678899476,0.4275395274536194,0.5995635226408425,0.6830933293711023
asym_no5_sh500_lo5000_int1000,asymmetric,5,5000,500,5000,1000,16784,6983.65,9.632463871666582,0.15771937510669898,9.633755012467672,2,-4.305409412646286,249.8315016872314,0.17459125,0.9999999995,0.7037714612475912,0.5519044422927704,0.46608469774431543,0.6804401501961693
sym_no4_d7000,symmetric,4,7000,7000,7000,7000,16640,14983.65,9.71582423698808,0.07351058747127026,9.71610232606241,2,-4.089256875094484,250.8907821654981,0.37459125,0.9999999995,0.46217910232635795,0.25839670903659445,0.9999999973304234,0.6801439520483439
asym_no6_sh500_lo3000_int3000,asymmetric,6,3000,500,3000,3000,16960,6983.650000000001,9.532501393828522,0.15771937510669895,9.533806072321104,2,-4.082810249626231,253.27973367962335,0.17459125,0.9999999995,0.9970038590951085,0.2496430092199318,0.46608469774431543,0.678182891389839
asym_no6_sh2000_lo5000_int3000,asymmetric,6,5000,2000,5000,3000,16960,8983.65,9.532501393828522,0.12260683730598348,9.533289844534094,2,-3.981945254538018,254.9893697917563,0.22459125,0.9999999995,0.9985183795252245,0.1126811377168418,0.5995635226408425,0.6776907598457271
asym_no5_sh1000_lo7000_int2000,asymmetric,5,7000,1000,7000,2000,16784,9983.65,9.632463871666582,0.11032607452824353,9.633095664514224,2,-4.146636369195472,251.67923450758462,0.24959125000000001,0.9999999995,0.7057058707683114,0.3363107850854642,0.666302935089106,0.6770798976107204
asym_no5_sh250_lo7000_int2000,asymmetric,5,7000,250,7000,2000,16784,9983.65,9.632463871666582,0.11032607452824353,9.633095664514224,2,-4.146242339013876,250.8541390400324,0.24959125000000001,0.9999999995,0.7057058707683114,0.3357757420702635,0.666302935089106,0.6769461368569202
asym_no4_sh500_lo10000_int1000,asymmetric,4,10000,500,10000,1000,16640,11983.65,9.71582423698808,0.09191330804587071,9.71625898482749,2,-4.226352616274674,249.15616906996578,0.29959125,0.9999999995,0.4617194933974292,0.44455533890338306,0.7997817599856328,0.6765141479466112
asym_no6_sh1000_lo3000_int2000,asymmetric,6,3000,1000,3000,2000,16960,5983.650000000001,9.532501393828522,0.1840777642348564,9.534278548827302,2,-4.125594796646251,253.56127612415452,0.14959125,0.9999999995,0.9956176971344516,0.3077389980825596,0.39934528529605196,0.6756754950032658
asym_no6_sh250_lo3000_int2000,asymmetric,6,3000,250,3000,2000,16960,5983.650000000001,9.532501393828522,0.1840777642348564,9.534278548827302,2,-4.125376027986352,252.43970523747586,0.14959125,0.9999999995,0.9956176971344516,0.3074419379869363,0.39934528529605196,0.67560122997936
asym_no5_sh1000_lo7000_int3000,asymmetric,5,7000,1000,7000,3000,16784,10983.65,9.632463871666582,0.10028150150122213,9.632985862052601,2,-4.086820729096465,252.33618780180373,0.27459125,0.9999999995,0.7060280116440819,0.25508873172641305,0.7330423475373695,0.6735397726019661
asym_no5_sh250_lo7000_int3000,asymmetric,5,7000,250,7000,3000,16784,10983.65,9.632463871666582,0.10028150150122213,9.632985862052601,2,-4.085691959516,251.5406029861364,0.27459125,0.9999999995,0.7060280116440819,0.2535560057881317,0.7330423475373695,0.6731565911173958
asym_no5_sh1000_lo5000_int1000,asymmetric,5,5000,1000,5000,1000,16784,6983.65,9.632463871666582,0.15771937510669898,9.633755012467672,2,-4.275552373340825,250.34779958181252,0.17459125,0.9999999995,0.7037714612475912,0.5113623694235763,0.46608469774431543,0.6703046319788707
asym_no5_sh250_lo5000_int1000,asymmetric,5,5000,250,5000,1000,16784,6983.65,9.632463871666582,0.15771937510669898,9.633755012467672,2,-4.274845903383473,249.5646402107847,0.17459125,0.9999999995,0.7037714612475912,0.5104030728169087,0.46608469774431543,0.6700648078272039
asym_no4_sh1000_lo10000_int1000,asymmetric,4,10000,1000,10000,1000,16640,11983.65,9.71582423698808,0.09191330804587071,9.71625898482749,2,-4.207132244815425,249.48380891849914,0.29959125,0.9999999995,0.4617194933974292,0.4184565120136276,0.7997817599856328,0.6699894412241724
asym_no4_sh250_lo10000_int1000,asymmetric,4,10000,250,10000,1000,16640,11983.65,9.71582423698808,0.09191330804587071,9.71625898482749,2,-4.2070077200098845,248.9720778626649,0.29959125,0.9999999995,0.4617194933974292,0.4182874231200971,0.7997817599856328,0.6699471690007898
asym_no4_sh500_lo10000_int3000,asymmetric,4,10000,500,10000,3000,16640,13983.65,9.71582423698808,0.07876748302223656,9.716143520987464,2,-4.102126747129027,250.27851964888913,0.34959125,0.9999999995,0.4620582437496203,0.27587236308599755,0.93326058488216,0.6677977978044445
asym_no5_sh2000_lo5000_int5000,asymmetric,5,5000,2000,5000,5000,16784,10983.65,9.632463871666582,0.10028150150122213,9.632985862052601,2,-4.068687909328374,252.2927146304967,0.27459125,0.9999999995,0.7060280116440819,0.23046666210856387,0.7330423475373695,0.6673842551975038
sym_no5_d5000,symmetric,5,5000,5000,5000,5000,16784,10983.65,9.632463871666582,0.10028150150122213,9.632985862052601,2,-4.0662299379222455,252.1775743612377,0.27459125,0.9999999995,0.7060280116440819,0.22712904866209485,0.7330423475373695,0.6665498518358866
asym_no4_sh500_lo7000_int5000,asymmetric,4,7000,500,7000,5000,16640,12983.65,9.71582423698808,0.08483415017840887,9.716194596501323,2,-4.140683737371815,250.15194128756514,0.32459125,0.9999999995,0.46190839728423244,0.3282278659892613,0.8665211724338965,0.6641643588018475
asym_no4_sh500_lo10000_int2000,asymmetric,4,10000,500,10000,2000,16640,12983.65,9.71582423698808,0.08483415017840887,9.716194596501323,2,-4.140349833895608,250.08204883903826,0.32459125,0.9999999995,0.46190839728423244,0.3277744674146347,0.8665211724338965,0.6640510091581909
asym_no6_sh1000_lo3000_int3000,asymmetric,6,3000,1000,3000,3000,16960,6983.650000000001,9.532501393828522,0.15771937510669895,9.533806072321104,2,-4.039565346266224,254.47413342608147,0.17459125,0.9999999995,0.9970038590951085,0.19092191483057672,0.46608469774431543,0.6635026177925002
asym_no6_sh250_lo3000_int3000,asymmetric,6,3000,250,3000,3000,16960,6983.650000000001,9.532501393828522,0.15771937510669895,9.533806072321104,2,-4.0393587957437855,253.3742760432618,0.17459125,0.9999999995,0.9970038590951085,0.19064144541610442,0.46608469774431543,0.6634325004388821
asym_no4_sh250_lo10000_int3000,asymmetric,4,10000,250,10000,3000,16640,13983.65,9.71582423698808,0.07876748302223656,9.716143520987464,2,-4.082964893203755,250.2363638357642,0.34959125,0.9999999995,0.4620582437496203,0.24985299558611448,0.93326058488216,0.6612929559294737
asym_no4_sh1000_lo10000_int3000,asymmetric,4,10000,1000,10000,3000,16640,13983.65,9.71582423698808,0.07876748302223656,9.716143520987464,2,-4.0828874684963,250.74391382005547,0.34959125,0.9999999995,0.4620582437496203,0.24974786265249016,0.93326058488216,0.6612666726960676
asym_no4_sh1000_lo7000_int5000,asymmetric,4,7000,1000,7000,5000,16640,12983.65,9.71582423698808,0.08483415017840887,9.716194596501323,2,-4.121526182680912,250.4726549592385,0.32459125,0.9999999995,0.46190839728423244,0.3022143363044175,0.8665211724338965,0.6576609763806366
asym_no4_sh250_lo7000_int5000,asymmetric,4,7000,250,7000,5000,16640,12983.65,9.71582423698808,0.08483415017840887,9.716194596501323,2,-4.121385831005467,249.9597985668918,0.32459125,0.9999999995,0.46190839728423244,0.3020237565287405,0.8665211724338965,0.6576133314367173
asym_no5_sh500_lo3000_int5000,asymmetric,5,3000,500,3000,5000,16784,8983.65,9.632463871666582,0.12260683730598348,9.633244140761517,2,-4.138611899002507,251.43199280098227,0.22459125,0.9999999995,0.7052702678899476,0.32541457223691256,0.5995635226408425,0.6575620905669256
asym_no4_sh250_lo10000_int2000,asymmetric,4,10000,250,10000,2000,16640,12983.65,9.71582423698808,0.08483415017840887,9.716194596501323,2,-4.121173708153826,250.02617895856926,0.32459125,0.9999999995,0.46190839728423244,0.30173572059790105,0.8665211724338965,0.6575413224540074
asym_no4_sh1000_lo10000_int2000,asymmetric,4,10000,1000,10000,2000,16640,12983.65,9.71582423698808,0.08483415017840887,9.716194596501323,2,-4.121016883211304,250.55752276851888,0.32459125,0.9999999995,0.46190839728423244,0.3015227722146946,0.8665211724338965,0.6574880853582059
asym_no4_sh2000_lo10000_int1000,asymmetric,4,10000,2000,10000,1000,16640,11983.65,9.71582423698808,0.09191330804587071,9.71625898482749,2,-4.164085734371844,249.91977269647703,0.29959125,0.9999999995,0.4617194933974292,0.36000481004433726,0.7997817599856328,0.6553765157318499
asym_no5_sh2000_lo7000_int2000,asymmetric,5,7000,2000,7000,2000,16784,9983.65,9.632463871666582,0.11032607452824353,9.633095664514224,2,-4.079341218325832,252.40031959328866,0.24959125000000001,0.9999999995,0.7057058707683114,0.24493250466094313,0.666302935089106,0.6542353275045901
asym_no5_sh500_lo5000_int2000,asymmetric,5,5000,500,5000,2000,16784,7983.65,9.632463871666582,0.13796407833057542,9.633451838560857,2,-4.171034734517994,250.94285510677952,0.19959125,0.9999999995,0.7046609195202828,0.36944067096178934,0.5328241101925789,0.6517314250436627
asym_no5_sh2000_lo7000_int3000,asymmetric,5,7000,2000,7000,3000,16784,10983.65,9.632463871666582,0.10028150150122213,9.632985862052601,2,-4.019082723199486,253.03399883356911,0.27459125,0.9999999995,0.7060280116440819,0.16310911033820202,0.7330423475373695,0.6505448672549135
asym_no5_sh500_lo5000_int3000,asymmetric,5,5000,500,5000,3000,16784,8983.65,9.632463871666582,0.12260683730598348,9.633244140761517,2,-4.1110741733097,251.55231290326884,0.22459125,0.9999999995,0.7052702678899476,0.2880218331154064,0.5995635226408425,0.6482139057865491
asym_no5_sh2000_lo5000_int1000,asymmetric,5,5000,2000,5000,1000,16784,6983.65,9.632463871666582,0.15771937510669898,9.633755012467672,2,-4.208188637864803,251.02676761297397,0.17459125,0.9999999995,0.7037714612475912,0.4198909598015745,0.46608469774431543,0.6474367795733703
asym_no5_sh1000_lo3000_int5000,asymmetric,5,3000,1000,3000,5000,16784,8983.65,9.632463871666582,0.12260683730598348,9.633244140761517,2,-4.108587053992797,251.94457245758556,0.22459125,0.9999999995,0.7052702678899476,0.2846446405026803,0.5995635226408425,0.6473696076333676
asym_no5_sh250_lo3000_int5000,asymmetric,5,3000,250,3000,5000,16784,8983.65,9.632463871666582,0.12260683730598348,9.633244140761517,2,-4.108518259661199,251.17694454114454,0.22459125,0.9999999995,0.7052702678899476,0.28455122652495524,0.5995635226408425,0.6473462541389363
asym_no4_sh2000_lo10000_int3000,asymmetric,4,10000,2000,10000,3000,16640,13983.65,9.71582423698808,0.07876748302223656,9.716143520987464,2,-4.039795641891183,251.19048477753677,0.34959125,0.9999999995,0.4620582437496203,0.19123462708288685,0.93326058488216,0.6466383638036668
asym_no4_sh2000_lo7000_int5000,asymmetric,4,7000,2000,7000,5000,16640,12983.65,9.71582423698808,0.08483415017840887,9.716194596501323,2,-4.078556000670044,250.9367032028648,0.32459125,0.9999999995,0.46190839728423244,0.24386627866668265,0.8665211724338965,0.6430739619712029
asym_no4_sh2000_lo10000_int2000,asymmetric,4,10000,2000,10000,2000,16640,12983.65,9.71582423698808,0.08483415017840887,9.716194596501323,2,-4.077954884071265,251.02346195238476,0.32459125,0.9999999995,0.46190839728423244,0.24305003855991061,0.8665211724338965,0.6428699019445099
asym_no6_sh2000_lo3000_int2000,asymmetric,6,3000,2000,3000,2000,16960,5983.650000000001,9.532501393828522,0.1840777642348564,9.534278548827302,2,-4.0282445175108075,254.60142085336648,0.14959125,0.9999999995,0.9956176971344516,0.17554966510259293,0.39934528529605196,0.6426281617582741
asym_no5_sh250_lo5000_int2000,asymmetric,5,5000,250,5000,2000,16784,7983.65,9.632463871666582,0.13796407833057542,9.633451838560857,2,-4.140924640645375,250.92597112543626,0.19959125,0.9999999995,0.7046609195202828,0.32855498208309647,0.5328241101925789,0.6415100028239895
asym_no5_sh1000_lo5000_int2000,asymmetric,5,5000,1000,5000,2000,16784,7983.65,9.632463871666582,0.13796407833057542,9.633451838560857,2,-4.140836564409713,251.73902249303563,0.19959125,0.9999999995,0.7046609195202828,0.32843538572500736,0.5328241101925789,0.6414801037344672
sym_no5_d500,symmetric,5,500,500,500,500,16784,1983.65,9.632463871666582,0.5552677710099555,9.648454930012594,2,-4.466718349354068,247.6714317222365,0.04959125,0.9999999995,0.6606445199960155,0.7709415209378373,0.1323876355029979,0.6409934189842127
sym_no6_d2000,symmetric,6,2000,2000,2000,2000,16960,4983.650000000001,9.532501393828522,0.22101409889617013,9.535063190941822,2,-4.071376021282406,254.1748304840114,0.12459125000000001,0.9999999995,0.9933156968495539,0.23411677723236915,0.3326058728477885,0.6400095866074279
asym_no5_sh1000_lo5000_int3000,asymmetric,5,5000,1000,5000,3000,16784,8983.65,9.632463871666582,0.12260683730598348,9.633244140761517,2,-4.081160892937468,252.33679397344434,0.22459125,0.9999999995,0.7052702678899476,0.24740339201009984,0.5995635226408425,0.6380592955102224
asym_no5_sh250_lo5000_int3000,asymmetric,5,5000,250,5000,3000,16784,8983.65,9.632463871666582,0.12260683730598348,9.633244140761517,2,-4.080963942383012,251.55380482701548,0.22459125,0.9999999995,0.7052702678899476,0.24713595813466863,0.5995635226408425,0.6379924370413647
asym_no5_sh500_lo3000_int1000,asymmetric,5,3000,500,3000,1000,16784,4983.650000000001,9.632463871666582,0.22101409889617013,9.634999090341049,2,-4.278361553591639,250.17769900415703,0.12459125000000001,0.9999999995,0.7001215582332682,0.5151768799403759,0.3326058728477885,0.6369760776303581
sym_no3_d7000,symmetric,3,7000,7000,7000,7000,16528,14983.65,9.781664340786914,0.07351058747127026,9.78194055810465,2,-4.087601721563445,249.6484825131665,0.37459125,0.9999999995,0.2690214497942125,0.25614922045011523,0.9999999973304234,0.6312926667686878
asym_no6_sh2000_lo3000_int3000,asymmetric,6,3000,2000,3000,3000,16960,6983.650000000001,9.532501393828522,0.15771937510669895,9.533806072321104,2,-3.9420393387653743,255.4990640303366,0.17459125,0.9999999995,0.9970038590951085,0.058493965016482116,0.46608469774431543,0.6303956303389765
asym_no4_sh500_lo5000_int5000,asymmetric,4,5000,500,5000,5000,16640,10983.65,9.71582423698808,0.10028150150122213,9.71634174901173,2,-4.136964222985605,249.94076273234768,0.27459125,0.9999999995,0.4614766780142438,0.32317723716632324,0.7330423475373695,0.6294240655544842
asym_no4_sh500_lo7000_int1000,asymmetric,4,7000,500,7000,1000,16640,8983.65,9.71582423698808,0.12260683730598348,9.716597812022435,2,-4.2297795817888275,249.17544307784047,0.22459125,0.9999999995,0.4607254347242318,0.44920872345948687,0.5995635226408425,0.6273744200811402
asym_no5_sh1000_lo3000_int1000,asymmetric,5,3000,1000,3000,1000,16784,4983.650000000001,9.632463871666582,0.22101409889617013,9.634999090341049,2,-4.248328908463138,250.6973009432129,0.12459125000000001,0.9999999995,0.7001215582332682,0.4743963566340478,0.3326058728477885,0.626780946803776
asym_no5_sh250_lo3000_int1000,asymmetric,5,3000,250,3000,1000,16784,4983.650000000001,9.632463871666582,0.22101409889617013,9.634999090341049,2,-4.2478639152027835,249.92043553528833,0.12459125000000001,0.9999999995,0.7001215582332682,0.47376495475752134,0.3326058728477885,0.6266230963346445
asym_no5_sh2000_lo3000_int5000,asymmetric,5,3000,2000,3000,5000,16784,8983.65,9.632463871666582,0.12260683730598348,9.633244140761517,2,-4.041320323609286,252.67607586515877,0.22459125,0.9999999995,0.7052702678899476,0.1933049514940002,0.5995635226408425,0.6245346853811975
sym_no5_d1000,symmetric,5,1000,1000,1000,1000,16784,2983.65,9.632463871666582,0.3691642498161307,9.639535387263447,2,-4.34563469668116,249.74607665625246,0.07459125,0.9999999995,0.686812870597838,0.6065252765905509,0.1991270479512614,0.6231162986599126
asym_no4_sh250_lo5000_int5000,asymmetric,4,5000,250,5000,5000,16640,10983.65,9.71582423698808,0.10028150150122213,9.71634174901173,2,-4.117817928425249,249.75442229384123,0.27459125,0.9999999995,0.4614766780142438,0.2971789973107384,0.7330423475373695,0.6229245055905879
asym_no4_sh1000_lo5000_int5000,asymmetric,4,5000,1000,5000,5000,16640,10983.65,9.71582423698808,0.10028150150122213,9.71634174901173,2,-4.117687891346186,250.2587593433828,0.27459125,0.9999999995,0.4614766780142438,0.29700242344883837,0.7330423475373695,0.6228803621251129
asym_no4_sh1000_lo7000_int1000,asymmetric,4,7000,1000,7000,1000,16640,8983.65,9.71582423698808,0.12260683730598348,9.716597812022435,2,-4.210857535046207,249.50262083816506,0.22459125,0.9999999995,0.4607254347242318,0.42351498370099383,0.5995635226408425,0.620950985141517
asym_no4_sh250_lo7000_int1000,asymmetric,4,7000,250,7000,1000,16640,8983.65,9.71582423698808,0.12260683730598348,9.716597812022435,2,-4.210273087237733,248.98167303019918,0.22459125,0.9999999995,0.4607254347242318,0.42272137769749935,0.5995635226408425,0.6207525836406433
asym_no4_sh500_lo7000_int3000,asymmetric,4,7000,500,7000,3000,16640,10983.65,9.71582423698808,0.10028150150122213,9.71634174901173,2,-4.105451720320863,250.3085403551155,0.27459125,0.9999999995,0.4614766780142438,0.28038725500318984,0.7330423475373695,0.6187265700137008
asym_no5_sh2000_lo5000_int2000,asymmetric,5,5000,2000,5000,2000,16784,7983.65,9.632463871666582,0.13796407833057542,9.633451838560857,2,-4.07343824813697,252.46348988929333,0.19959125,0.9999999995,0.7046609195202828,0.23691701976663984,0.5328241101925789,0.6186005122448753
asym_no3_sh500_lo10000_int3000,asymmetric,3,10000,500,10000,3000,16528,13983.65,9.781664340786914,0.07876748302223656,9.781981475764711,2,-4.094861458698008,249.32952062528545,0.34959125,0.9999999995,0.2689014046636019,0.2660070227897744,0.93326058488216,0.617042252958884
sym_no6_d3000,symmetric,6,3000,3000,3000,3000,16960,6983.650000000001,9.532501393828522,0.15771937510669895,9.533806072321104,2,-3.898961703878175,255.97033962082267,0.17459125,0.9999999995,0.9970038590951085,-0.0,0.46608469774431543,0.615772139084856
asym_no5_sh2000_lo5000_int3000,asymmetric,5,5000,2000,5000,3000,16784,8983.65,9.632463871666582,0.12260683730598348,9.633244140761517,2,-4.013694837315373,253.03774550786787,0.22459125,0.9999999995,0.7052702678899476,0.15579304460610258,0.5995635226408425,0.6151567086592231
asym_no4_sh500_lo7000_int2000,asymmetric,4,7000,500,7000,2000,16640,9983.65,9.71582423698808,0.11032607452824353,9.716450609495517,2,-4.143946626410967,249.88242519112794,0.24959125000000001,0.9999999995,0.4611573007337571,0.3326584555007001,0.666302935089106,0.6150296727058908
asym_no3_sh250_lo10000_int3000,asymmetric,3,10000,250,10000,3000,16528,13983.65,9.781664340786914,0.07876748302223656,9.781981475764711,2,-4.084125111914037,249.27855084149388,0.34959125,0.9999999995,0.2689014046636019,0.25142842545426847,0.93326058488216,0.6133976036250075
asym_no3_sh1000_lo10000_int3000,asymmetric,3,10000,1000,10000,3000,16528,13983.65,9.781664340786914,0.07876748302223656,9.781981475764711,2,-4.084008762040247,249.56279019256687,0.34959125,0.9999999995,0.2689014046636019,0.2512704370812995,0.93326058488216,0.6133581065317653
asym_no4_sh1000_lo7000_int3000,asymmetric,4,7000,1000,7000,3000,16640,10983.65,9.71582423698808,0.10028150150122213,9.71634174901173,2,-4.0864638517933285,250.77394353248914,0.27459125,0.9999999995,0.4614766780142438,0.2546041376083858,0.7330423475373695,0.6122807906649999
asym_no4_sh250_lo7000_int3000,asymmetric,4,7000,250,7000,3000,16640,10983.65,9.71582423698808,0.10028150150122213,9.71634174901173,2,-4.0861362929823954,250.25671506356696,0.27459125,0.9999999995,0.4614766780142438,0.2541593542845629,0.7330423475373695,0.612169594834044
asym_no4_sh1000_lo7000_int2000,asymmetric,4,7000,1000,7000,2000,16640,9983.65,9.71582423698808,0.11032607452824353,9.716450609495517,2,-4.124665680509312,250.3577098870623,0.24959125000000001,0.9999999995,0.4611573007337571,0.306477376200285,0.666302935089106,0.608484402880787
asym_no4_sh250_lo7000_int2000,asymmetric,4,7000,250,7000,2000,16640,9983.65,9.71582423698808,0.11032607452824353,9.716450609495517,2,-4.12463984997112,249.81724233610336,0.24959125000000001,0.9999999995,0.4611573007337571,0.30644230160528196,0.666302935089106,0.6084756342320362
asym_no5_sh500_lo3000_int2000,asymmetric,5,3000,500,3000,2000,16784,5983.650000000001,9.632463871666582,0.1840777642348564,9.634222587331458,2,-4.143524563000931,251.25811182775473,0.14959125,0.9999999995,0.7023996798332012,0.3320853469164889,0.39934528529605196,0.6084575778864355
asym_no4_sh2000_lo5000_int5000,asymmetric,4,5000,2000,5000,5000,16640,10983.65,9.71582423698808,0.10028150150122213,9.71634174901173,2,-4.074711964771295,250.72440736957128,0.27459125,0.9999999995,0.4614766780142438,0.2386465654216924,0.7330423475373695,0.6082913976183264
sym_no4_d5000,symmetric,4,5000,5000,5000,5000,16640,10983.65,9.71582423698808,0.10028150150122213,9.71634174901173,2,-4.0731503424976765,250.6408722138206,0.27459125,0.9999999995,0.4614766780142438,0.2365260804210379,0.7330423475373695,0.6077612763681628
asym_no3_sh500_lo7000_int5000,asymmetric,3,7000,500,7000,5000,16528,12983.65,9.781664340786914,0.08483415017840887,9.782032207514899,2,-4.116614292654311,249.20575951469937,0.32459125,0.9999999995,0.26875256673963144,0.29554461258042025,0.8665211724338965,0.607704587813487
asym_no3_sh500_lo10000_int2000,asymmetric,3,10000,500,10000,2000,16528,12983.65,9.781664340786914,0.08483415017840887,9.782032207514899,2,-4.116321240303668,249.18432489732152,0.32459125,0.9999999995,0.26875256673963144,0.29514668465351807,0.8665211724338965,0.6076051058317614
asym_no3_sh500_lo10000_int1000,asymmetric,3,10000,500,10000,1000,16528,11983.65,9.781664340786914,0.09191330804587071,9.782096162480629,2,-4.164675390447635,248.67187026020574,0.29959125,0.9999999995,0.268564934255206,0.3608054882143291,0.7997817599856328,0.607288045488792
asym_no4_sh2000_lo7000_int1000,asymmetric,4,7000,2000,7000,1000,16640,8983.65,9.71582423698808,0.12260683730598348,9.716597812022435,2,-4.1676502396188795,249.9340421949225,0.22459125,0.9999999995,0.4607254347242318,0.3648449561147313,0.5995635226408425,0.6062834782449513
asym_no5_sh500_lo3000_int3000,asymmetric,5,3000,500,3000,3000,16784,6983.650000000001,9.632463871666582,0.15771937510669895,9.633755012467672,2,-4.083742069099381,251.86780723665674,0.17459125,0.9999999995,0.7037714612475912,0.2509083018899415,0.46608469774431543,0.6051911150954621
asym_no3_sh2000_lo10000_int3000,asymmetric,3,10000,2000,10000,3000,16528,13983.65,9.781664340786914,0.07876748302223656,9.781981475764711,2,-4.059803145388879,249.8122435276238,0.34959125,0.9999999995,0.2689014046636019,0.21840227945576993,0.93326058488216,0.605141067125383
asym_no3_sh250_lo7000_int5000,asymmetric,3,7000,250,7000,5000,16528,12983.65,9.781664340786914,0.08483415017840887,9.782032207514899,2,-4.105834752231813,249.09562441680953,0.32459125,0.9999999995,0.26875256673963144,0.2809073637616664,0.8665211724338965,0.6040452756087985
asym_no3_sh1000_lo7000_int5000,asymmetric,3,7000,1000,7000,5000,16528,12983.65,9.781664340786914,0.08483415017840887,9.782032207514899,2,-4.105787295304959,249.38279403836208,0.32459125,0.9999999995,0.26875256673963144,0.2808429232735463,0.8665211724338965,0.6040291654867685
asym_no3_sh250_lo10000_int2000,asymmetric,3,10000,250,10000,2000,16528,12983.65,9.781664340786914,0.08483415017840887,9.782032207514899,2,-4.10558055690862,249.12681493019096,0.32459125,0.9999999995,0.26875256673963144,0.2805621987501448,0.8665211724338965,0.6039589843559181
asym_no3_sh1000_lo10000_int2000,asymmetric,3,10000,1000,10000,2000,16528,12983.65,9.781664340786914,0.08483415017840887,9.782032207514899,2,-4.105438946893331,249.42268316411372,0.32459125,0.9999999995,0.26875256673963144,0.2803699103085441,0.8665211724338965,0.603910912245518
asym_no5_sh2000_lo3000_int1000,asymmetric,5,3000,2000,3000,1000,16784,4983.650000000001,9.632463871666582,0.22101409889617013,9.634999090341049,2,-4.180885255083579,251.37814513440145,0.12459125000000001,0.9999999995,0.7001215582332682,0.38281642863433313,0.3326058728477885,0.6038859648038474
asym_no3_sh250_lo10000_int1000,asymmetric,3,10000,250,10000,1000,16528,11983.65,9.781664340786914,0.09191330804587071,9.782096162480629,2,-4.153881650069742,248.56554500154226,0.29959125,0.9999999995,0.268564934255206,0.34614895765700576,0.7997817599856328,0.6036239128494612
asym_no3_sh1000_lo10000_int1000,asymmetric,3,10000,1000,10000,1000,16528,11983.65,9.781664340786914,0.09191330804587071,9.782096162480629,2,-4.153828392557529,248.8526743734728,0.29959125,0.9999999995,0.268564934255206,0.3460766407096049,0.7997817599856328,0.603605833612611
asym_no5_sh250_lo3000_int2000,asymmetric,5,3000,250,3000,2000,16784,5983.650000000001,9.632463871666582,0.1840777642348564,9.634222587331458,2,-4.113374045133566,251.25221878492692,0.14959125,0.9999999995,0.7023996798332012,0.2911447673795517,0.39934528529605196,0.5982224330022012
asym_no5_sh1000_lo3000_int2000,asymmetric,5,3000,1000,3000,2000,16784,5983.650000000001,9.632463871666582,0.1840777642348564,9.634222587331458,2,-4.113299684747035,252.05965416880537,0.14959125,0.9999999995,0.7023996798332012,0.29104379540512126,0.39934528529605196,0.5981971900085936
asym_no4_sh2000_lo7000_int3000,asymmetric,4,7000,2000,7000,3000,16640,10983.65,9.71582423698808,0.10028150150122213,9.71634174901173,2,-4.043254081201463,251.21580191910638,0.27459125,0.9999999995,0.4614766780142438,0.19593074906258387,0.7330423475373695,0.5976124435285493
sym_no2_d7000,symmetric,2,7000,7000,7000,7000,16448,14983.65,9.829241975563285,0.07351058747127026,9.829516855911363,2,-4.086419251607326,248.966119235808,0.37459125,0.9999999995,0.12944106138676925,0.25454357621204704,0.9999999973304234,0.5959961586073099
asym_no3_sh2000_lo7000_int5000,asymmetric,3,7000,2000,7000,5000,16528,12983.65,9.781664340786914,0.08483415017840887,9.782032207514899,2,-4.081619933583134,249.64006760338972,0.32459125,0.9999999995,0.26875256673963144,0.24802671099079773,0.8665211724338965,0.5958251124160814
asym_no3_sh2000_lo10000_int2000,asymmetric,3,10000,2000,10000,2000,16528,12983.65,9.781664340786914,0.08483415017840887,9.782032207514899,2,-4.081242726878871,249.68146101075232,0.32459125,0.9999999995,0.26875256673963144,0.24751451212424175,0.8665211724338965,0.5956970626994423
asym_no3_sh2000_lo10000_int1000,asymmetric,3,10000,2000,10000,1000,16528,11983.65,9.781664340786914,0.09191330804587071,9.782096162480629,2,-4.1296373159205055,249.09809580468544,0.29959125,0.9999999995,0.268564934255206,0.31322822657957217,0.7997817599856328,0.5953937300801028
asym_no5_sh250_lo3000_int3000,asymmetric,5,3000,250,3000,3000,16784,6983.650000000001,9.632463871666582,0.15771937510669895,9.633755012467672,2,-4.0537200988168545,251.87973155099897,0.17459125,0.9999999995,0.7037714612475912,0.21014227367064772,0.46608469774431543,0.5949996080406386
asym_no5_sh1000_lo3000_int3000,asymmetric,5,3000,1000,3000,3000,16784,6983.650000000001,9.632463871666582,0.15771937510669895,9.633755012467672,2,-4.0536416083345035,252.65771772755656,0.17459125,0.9999999995,0.7037714612475912,0.2100356935498777,0.46608469774431543,0.5949729630104461
asym_no4_sh2000_lo7000_int2000,asymmetric,4,7000,2000,7000,2000,16640,9983.65,9.71582423698808,0.11032607452824353,9.716450609495517,2,-4.081636776165038,250.81817309053667,0.24959125000000001,0.9999999995,0.4611573007337571,0.2480495810810249,0.666302935089106,0.5938774541009719
asym_no4_sh500_lo5000_int1000,asymmetric,4,5000,500,5000,1000,16640,6983.65,9.71582423698808,0.15771937510669898,9.71710430145365,2,-4.226146701926604,249.1742495932793,0.17459125,0.9999999995,0.45923948489643096,0.4442757333330225,0.46608469774431543,0.5923999788684422
asym_no4_sh500_lo3000_int5000,asymmetric,4,3000,500,3000,5000,16640,8983.65,9.71582423698808,0.12260683730598348,9.716597812022435,2,-4.119492520674185,250.18672248941715,0.22459125,0.9999999995,0.4607254347242318,0.2994528812108784,0.5995635226408425,0.5899354595189881
asym_no4_sh1000_lo5000_int1000,asymmetric,4,5000,1000,5000,1000,16640,6983.65,9.71582423698808,0.15771937510669898,9.71710430145365,2,-4.206944639788128,249.49900504789466,0.17459125,0.9999999995,0.45923948489643096,0.41820176817886584,0.46608469774431543,0.5858814875799031
asym_no4_sh250_lo5000_int1000,asymmetric,4,5000,250,5000,1000,16640,6983.65,9.71582423698808,0.15771937510669898,9.71710430145365,2,-4.206793205387017,248.98620632877484,0.17459125,0.9999999995,0.45923948489643096,0.41799613946725966,0.46608469774431543,0.5858300804020016
asym_no4_sh500_lo5000_int3000,asymmetric,4,5000,500,5000,3000,16640,8983.65,9.71582423698808,0.12260683730598348,9.716597812022435,2,-4.101917621268658,250.2978725862938,0.22459125,0.9999999995,0.4607254347242318,0.2755883966892233,0.5995635226408425,0.5839693383885743
asym_no4_sh250_lo3000_int5000,asymmetric,4,3000,250,3000,5000,16640,8983.65,9.71582423698808,0.12260683730598348,9.716597812022435,2,-4.1003294532850605,250.00799003039126,0.22459125,0.9999999995,0.4607254347242318,0.27343186598097724,0.5995635226408425,0.5834302057115128
asym_no4_sh1000_lo3000_int5000,asymmetric,4,3000,1000,3000,5000,16640,8983.65,9.71582423698808,0.12260683730598348,9.716597812022435,2,-4.100223242374657,250.5068345541174,0.22459125,0.9999999995,0.4607254347242318,0.27328764503445174,0.5995635226408425,0.5833941504748814
asym_no2_sh500_lo10000_int3000,asymmetric,2,10000,500,10000,3000,16448,13983.65,9.829241975563285,0.07876748302223656,9.829557575524795,2,-4.089652252137132,248.84477316493107,0.34959125,0.9999999995,0.12932159728971487,0.25893358091829194,0.93326058488216,0.5803789406475417
asym_no4_sh500_lo5000_int2000,asymmetric,4,5000,500,5000,2000,16640,7983.65,9.71582423698808,0.13796407833057542,9.71680372812761,2,-4.140178028880987,249.91418718884623,0.19959125,0.9999999995,0.4601213135280754,0.3275411779933093,0.5328241101925789,0.5801216503034909
asym_no2_sh250_lo10000_int3000,asymmetric,2,10000,250,10000,3000,16448,13983.65,9.829241975563285,0.07876748302223656,9.829557575524795,2,-4.0848939813513745,248.8117699716939,0.34959125,0.9999999995,0.12932159728971487,0.25247245264117435,0.93326058488216,0.5787636585782623
asym_no2_sh1000_lo10000_int3000,asymmetric,2,10000,1000,10000,3000,16448,13983.65,9.829241975563285,0.07876748302223656,9.829557575524795,2,-4.084819167394873,248.93552118780724,0.34959125,0.9999999995,0.12932159728971487,0.2523708647762457,0.93326058488216,0.5787382616120301
asym_no4_sh250_lo5000_int3000,asymmetric,4,5000,250,5000,3000,16640,8983.65,9.71582423698808,0.12260683730598348,9.716597812022435,2,-4.082747599123417,250.2517256239955,0.22459125,0.9999999995,0.4607254347242318,0.24955793778252658,0.5995635226408425,0.5774617236619002
asym_no4_sh1000_lo5000_int3000,asymmetric,4,5000,1000,5000,3000,16640,8983.65,9.71582423698808,0.12260683730598348,9.716597812022435,2,-4.082693863798532,250.76037485673214,0.22459125,0.9999999995,0.4607254347242318,0.24948497202611508,0.5995635226408425,0.5774434822227973
asym_no5_sh2000_lo3000_int2000,asymmetric,5,3000,2000,3000,2000,16784,5983.650000000001,9.632463871666582,0.1840777642348564,9.634222587331458,2,-4.045844252306497,252.78530862526125,0.14959125,0.9999999995,0.7023996798332012,0.19944787293443375,0.39934528529605196,0.5752982093909217
asym_no2_sh2000_lo10000_int3000,asymmetric,2,10000,2000,10000,3000,16448,13983.65,9.829241975563285,0.07876748302223656,9.829557575524795,2,-4.074071750476531,249.04595966245768,0.34959125,0.9999999995,0.12932159728971487,0.2377772356021925,0.93326058488216,0.5750898543185168
sym_no1_d7000,symmetric,1,7000,7000,7000,7000,16400,14983.65,9.858011365804755,0.07351058747127026,9.858285443970777,2,-4.085709683063527,248.74478004854794,0.37459125,0.9999999995,0.0450391452986268,0.2535800721179511,0.9999999973304234,0.5746548035617502
asym_no4_sh250_lo5000_int2000,asymmetric,4,5000,250,5000,2000,16640,7983.65,9.71582423698808,0.13796407833057542,9.71680372812761,2,-4.121008883658712,249.85450275327412,0.19959125,0.9999999995,0.4601213135280754,0.3015119098367882,0.5328241101925789,0.5736143332643606
asym_no4_sh1000_lo5000_int2000,asymmetric,4,5000,1000,5000,2000,16640,7983.65,9.71582423698808,0.13796407833057542,9.71680372812761,2,-4.120837849723379,250.38661648866437,0.19959125,0.9999999995,0.4601213135280754,0.301279667443346,0.5328241101925789,0.5735562726660001
asym_no3_sh500_lo5000_int5000,asymmetric,3,5000,500,5000,5000,16528,10983.65,9.781664340786914,0.10028150150122213,9.78217836963555,2,-4.114445202093331,249.1123307209314,0.27459125,0.9999999995,0.26832375309688133,0.29259926268542824,0.7330423475373695,0.5734913407049198
asym_no5_sh2000_lo3000_int3000,asymmetric,5,3000,2000,3000,3000,16784,6983.650000000001,9.632463871666582,0.15771937510669895,9.633755012467672,2,-3.986102464675959,253.35972818104432,0.17459125,0.9999999995,0.7037714612475912,0.11832610186149932,0.46608469774431543,0.5720455650883515
asym_no4_sh2000_lo5000_int1000,asymmetric,4,5000,2000,5000,1000,16640,6983.65,9.71582423698808,0.15771937510669898,9.71710430145365,2,-4.163889394855975,249.9328120385815,0.17459125,0.9999999995,0.45923948489643096,0.3597382058818131,0.46608469774431543,0.5712655970056398
asym_no3_sh250_lo5000_int5000,asymmetric,3,5000,250,5000,5000,16528,10983.65,9.781664340786914,0.10028150150122213,9.78217836963555,2,-4.103713822149075,249.00495551266786,0.27459125,0.9999999995,0.26832375309688133,0.2780274096883539,0.7330423475373695,0.5698483774556512
asym_no3_sh1000_lo5000_int5000,asymmetric,3,5000,1000,5000,5000,16528,10983.65,9.781664340786914,0.10028150150122213,9.78217836963555,2,-4.1035808637064335,249.28817729630845,0.27459125,0.9999999995,0.26832375309688133,0.27784686898520516,0.7330423475373695,0.569803242279864
asym_no4_sh2000_lo3000_int5000,asymmetric,4,3000,2000,3000,5000,16640,8983.65,9.71582423698808,0.12260683730598348,9.716597812022435,2,-4.057206550421778,250.97273719499165,0.22459125,0.9999999995,0.4607254347242318,0.21487643279391638,0.5995635226408425,0.5687913474147477
sym_no5_d2000,symmetric,5,2000,2000,2000,2000,16784,4983.650000000001,9.632463871666582,0.22101409889617013,9.634999090341049,2,-4.0757293145596165,252.5187357318126,0.12459125000000001,0.9999999995,0.7001215582332682,0.2400279974126421,0.3326058728477885,0.5681888569984247
asym_no3_sh500_lo7000_int3000,asymmetric,3,7000,500,7000,3000,16528,10983.65,9.781664340786914,0.10028150150122213,9.78217836963555,2,-4.096859739109965,249.3549894856095,0.27459125,0.9999999995,0.26832375309688133,0.2687204341647528,0.7330423475373695,0.5675216335747508
asym_no2_sh500_lo7000_int5000,asymmetric,2,7000,500,7000,5000,16448,12983.65,9.829241975563285,0.08483415017840887,9.829608061729203,2,-4.099340485348363,248.7627245405797,0.32459125,0.9999999995,0.1291734797533496,0.27208897294511114,0.8665211724338965,0.5669459061580894
asym_no2_sh500_lo10000_int2000,asymmetric,2,10000,500,10000,2000,16448,12983.65,9.829241975563285,0.08483415017840887,9.829608061729203,2,-4.099177018488283,248.76136376354333,0.32459125,0.9999999995,0.1291734797533496,0.2718670056801971,0.8665211724338965,0.5668904143418608
asym_no2_sh250_lo7000_int5000,asymmetric,2,7000,250,7000,5000,16448,12983.65,9.829241975563285,0.08483415017840887,9.829608061729203,2,-4.094573662462475,248.71598632737283,0.32459125,0.9999999995,0.1291734797533496,0.2656162320006036,0.8665211724338965,0.5653277209219625
asym_no2_sh1000_lo7000_int5000,asymmetric,2,7000,1000,7000,5000,16448,12983.65,9.829241975563285,0.08483415017840887,9.829608061729203,2,-4.094512454571016,248.8405643272875,0.32459125,0.9999999995,0.1291734797533496,0.2655331194464656,0.8665211724338965,0.565306942783428
asym_no2_sh250_lo10000_int2000,asymmetric,2,10000,250,10000,2000,16448,12983.65,9.829241975563285,0.08483415017840887,9.829608061729203,2,-4.094417916289835,248.7266557624407,0.32459125,0.9999999995,0.1291734797533496,0.2654047484500863,0.8665211724338965,0.5652748500343331
asym_no2_sh1000_lo10000_int2000,asymmetric,2,10000,1000,10000,2000,16448,12983.65,9.829241975563285,0.08483415017840887,9.829608061729203,2,-4.094338093390127,248.85347196652484,0.32459125,0.9999999995,0.1291734797533496,0.2652963590755245,0.8665211724338965,0.5652477526906927
asym_no3_sh1000_lo7000_int3000,asymmetric,3,7000,1000,7000,3000,16528,10983.65,9.781664340786914,0.10028150150122213,9.78217836963555,2,-4.0860861909169035,249.58809242400545,0.27459125,0.9999999995,0.26832375309688133,0.2540913220336324,0.7330423475373695,0.5638643555419709
asym_no3_sh250_lo7000_int3000,asymmetric,3,7000,250,7000,3000,16528,10983.65,9.781664340786914,0.10028150150122213,9.78217836963555,2,-4.086074505943548,249.2993642266143,0.27459125,0.9999999995,0.26832375309688133,0.25407545532171927,0.7330423475373695,0.5638603888639926
asym_no4_sh2000_lo5000_int3000,asymmetric,4,5000,2000,5000,3000,16640,8983.65,9.71582423698808,0.12260683730598348,9.716597812022435,2,-4.039595834521995,251.20476463393604,0.22459125,0.9999999995,0.4607254347242318,0.19096331401535402,0.5995635226408425,0.5628130677201071
sym_no5_d3000,symmetric,5,3000,3000,3000,3000,16784,6983.650000000001,9.632463871666582,0.15771937510669895,9.633755012467672,2,-3.9562444221090503,253.66771096785482,0.17459125,0.9999999995,0.7037714612475912,0.07778266669049415,0.46608469774431543,0.5619097062956002
asym_no2_sh2000_lo7000_int5000,asymmetric,2,7000,2000,7000,5000,16448,12983.65,9.829241975563285,0.08483415017840887,9.829608061729203,2,-4.083772561195506,248.95292850835008,0.32459125,0.9999999995,0.1291734797533496,0.2509497062894322,0.8665211724338965,0.5616610894941696
asym_no2_sh2000_lo10000_int2000,asymmetric,2,10000,2000,10000,2000,16448,12983.65,9.829241975563285,0.08483415017840887,9.829608061729203,2,-4.083592526834272,248.9663379261872,0.32459125,0.9999999995,0.1291734797533496,0.25070524245906245,0.8665211724338965,0.5615999735365772
asym_no3_sh2000_lo5000_int5000,asymmetric,3,5000,2000,5000,5000,16528,10983.65,9.781664340786914,0.10028150150122213,9.78217836963555,2,-4.0794118541282725,249.5464890575031,0.27459125,0.9999999995,0.26832375309688133,0.24502841912253456,0.7330423475373695,0.5615986298141964
sym_no3_d5000,symmetric,3,5000,5000,5000,5000,16528,10983.65,9.781664340786914,0.10028150150122213,9.78217836963555,2,-4.078538437171027,249.50141160490938,0.27459125,0.9999999995,0.26832375309688133,0.2438424296624429,0.7330423475373695,0.5613021324491734
asym_no4_sh2000_lo5000_int2000,asymmetric,4,5000,2000,5000,2000,16640,7983.65,9.71582423698808,0.13796407833057542,9.71680372812761,2,-4.077767448817643,250.84972020540994,0.19959125,0.9999999995,0.4601213135280754,0.24279552525626877,0.5328241101925789,0.5589352371192308
asym_no1_sh500_lo10000_int3000,asymmetric,1,10000,500,10000,3000,16400,13983.65,9.858011365804755,0.07876748302223656,9.858326044756147,2,-4.0865188971690545,248.71916825071872,0.34959125,0.9999999995,0.04492002982195315,0.25467888224769725,0.93326058488216,0.5582148741129527
asym_no3_sh500_lo7000_int2000,asymmetric,3,7000,500,7000,2000,16528,9983.65,9.781664340786914,0.11032607452824353,9.782286497467917,2,-4.11840543391987,249.11668389126024,0.24959125000000001,0.9999999995,0.2680065252852382,0.2979767552642408,0.666302935089106,0.5580715537846462
asym_no1_sh250_lo10000_int3000,asymmetric,1,10000,250,10000,3000,16400,13983.65,9.858011365804755,0.07876748302223656,9.858326044756147,2,-4.0853313495882135,248.70919849972375,0.34959125,0.9999999995,0.04492002982195315,0.2530663432392068,0.93326058488216,0.55781173936083
asym_no1_sh1000_lo10000_int3000,asymmetric,1,10000,1000,10000,3000,16400,13983.65,9.858011365804755,0.07876748302223656,9.858326044756147,2,-4.085309181482367,248.73942692837633,0.34959125,0.9999999995,0.04492002982195315,0.2530362417628551,0.93326058488216,0.5578042139917421
asym_no3_sh500_lo7000_int1000,asymmetric,3,7000,500,7000,1000,16528,8983.65,9.781664340786914,0.12260683730598348,9.782432709320137,2,-4.1667069689222815,248.69203251115653,0.22459125,0.9999999995,0.26757756573892005,0.3635641141355383,0.5995635226408425,0.5576763005038252
asym_no2_sh500_lo10000_int1000,asymmetric,2,10000,500,10000,1000,16448,11983.65,9.829241975563285,0.09191330804587071,9.829671707151322,2,-4.120660596931084,248.53732787856222,0.29959125,0.9999999995,0.12898675541477822,0.3010389806308341,0.7997817599856328,0.5574518738828113
asym_no1_sh2000_lo10000_int3000,asymmetric,1,10000,2000,10000,3000,16400,13983.65,9.858011365804755,0.07876748302223656,9.858326044756147,2,-4.082623921349773,248.76699628311914,0.34959125,0.9999999995,0.04492002982195315,0.2493899990508906,0.93326058488216,0.5568926533137509
asym_no2_sh250_lo10000_int1000,asymmetric,2,10000,250,10000,1000,16448,11983.65,9.829241975563285,0.09191330804587071,9.829671707151322,2,-4.115891062666694,248.49158166112136,0.29959125,0.9999999995,0.12898675541477822,0.2945625579781811,0.7997817599856328,0.555832768219648
asym_no2_sh1000_lo10000_int1000,asymmetric,2,10000,1000,10000,1000,16448,11983.65,9.829241975563285,0.09191330804587071,9.829671707151322,2,-4.115828598407055,248.6162023103807,0.29959125,0.9999999995,0.12898675541477822,0.2944777394353887,0.7997817599856328,0.5558115635839499
asym_no3_sh2000_lo7000_int3000,asymmetric,3,7000,2000,7000,3000,16528,10983.65,9.781664340786914,0.10028150150122213,9.78217836963555,2,-4.061843170588166,249.83528162080682,0.27459125,0.9999999995,0.26832375309688133,0.22117237495781672,0.7330423475373695,0.5556346187730169
asym_no3_sh250_lo7000_int2000,asymmetric,3,7000,250,7000,2000,16528,9983.65,9.781664340786914,0.11032607452824353,9.782286497467917,2,-4.107623363825825,249.05460452160898,0.24959125000000001,0.9999999995,0.2680065252852382,0.2833360714723424,0.666302935089106,0.5544113828366717
asym_no3_sh1000_lo7000_int2000,asymmetric,3,7000,1000,7000,2000,16528,9983.65,9.781664340786914,0.11032607452824353,9.782286497467917,2,-4.1075393975955095,249.3548186281546,0.24959125000000001,0.9999999995,0.2680065252852382,0.28322205598027805,0.666302935089106,0.5543828789636556
asym_no3_sh1000_lo7000_int1000,asymmetric,3,7000,1000,7000,1000,16528,8983.65,9.781664340786914,0.12260683730598348,9.782432709320137,2,-4.1559532796058605,248.87254969288895,0.22459125,0.9999999995,0.26757756573892005,0.3489619678403671,0.5995635226408425,0.5540257639300323
asym_no3_sh250_lo7000_int1000,asymmetric,3,7000,250,7000,1000,16528,8983.65,9.781664340786914,0.12260683730598348,9.782432709320137,2,-4.1558620968087725,248.58107249443933,0.22459125,0.9999999995,0.26757756573892005,0.3488381531658397,0.5995635226408425,0.5539948102614005
asym_no4_sh500_lo3000_int1000,asymmetric,4,3000,500,3000,1000,16640,4983.650000000001,9.71582423698808,0.22101409889617013,9.718337709503404,2,-4.208771619296727,249.39723202974494,0.12459125000000001,0.9999999995,0.4556208852452173,0.42068257465168307,0.3326058728477885,0.5522273330611722
asym_no2_sh2000_lo10000_int1000,asymmetric,2,10000,2000,10000,1000,16448,11983.65,9.829241975563285,0.09191330804587071,9.829671707151322,2,-4.105084081804736,248.72570544811165,0.29959125,0.9999999995,0.12898675541477822,0.27988804852267285,0.7997817599856328,0.5521641408557709
asym_no3_sh2000_lo7000_int2000,asymmetric,3,7000,2000,7000,2000,16528,9983.65,9.781664340786914,0.11032607452824353,9.782286497467917,2,-4.083353475095285,249.61115960668664,0.24959125000000001,0.9999999995,0.2680065252852382,0.2503806405143631,0.666302935089106,0.5461725250971768
asym_no3_sh2000_lo7000_int1000,asymmetric,3,7000,2000,7000,1000,16528,8983.65,9.781664340786914,0.12260683730598348,9.782432709320137,2,-4.131711473713028,249.1157614179828,0.22459125,0.9999999995,0.26757756573892005,0.3160446698144938,0.5995635226408425,0.5457964394235642
asym_no4_sh1000_lo3000_int1000,asymmetric,4,3000,1000,3000,1000,16640,4983.650000000001,9.71582423698808,0.22101409889617013,9.718337709503404,2,-4.189498248831825,249.72409417062508,0.12459125000000001,0.9999999995,0.4556208852452173,0.3945117818336514,0.3326058728477885,0.5456846348566643
asym_no4_sh250_lo3000_int1000,asymmetric,4,3000,250,3000,1000,16640,4983.650000000001,9.71582423698808,0.22101409889617013,9.718337709503404,2,-4.189445080078,249.21677110381856,0.12459125000000001,0.9999999995,0.4556208852452173,0.39443958540888646,0.3326058728477885,0.545666585750473
asym_no4_sh500_lo3000_int3000,asymmetric,4,3000,500,3000,3000,16640,6983.650000000001,9.71582423698808,0.15771937510669895,9.71710430145365,2,-4.084426765444993,250.49560787632723,0.17459125,0.9999999995,0.45923948489643096,0.2518380326932229,0.46608469774431543,0.5442905537084923
asym_no1_sh500_lo7000_int5000,asymmetric,1,7000,500,7000,5000,16400,12983.65,9.858011365804755,0.08483415017840887,9.858376383632967,2,-4.088943983734924,248.69323366020714,0.32459125,0.9999999995,0.044772344518505404,0.2579718422515919,0.8665211724338965,0.5423163396759985
asym_no1_sh500_lo10000_int2000,asymmetric,1,10000,500,10000,2000,16400,12983.65,9.858011365804755,0.08483415017840887,9.858376383632967,2,-4.088898152402094,248.69443005709223,0.32459125,0.9999999995,0.044772344518505404,0.2579096091139963,0.8665211724338965,0.5423007813915995
asym_no1_sh250_lo7000_int5000,asymmetric,1,7000,250,7000,5000,16400,12983.65,9.858011365804755,0.08483415017840887,9.858376383632967,2,-4.087755900910629,248.68231734905308,0.32459125,0.9999999995,0.044772344518505404,0.2563585764503712,0.8665211724338965,0.5419130232256932
asym_no1_sh1000_lo7000_int5000,asymmetric,1,7000,1000,7000,5000,16400,12983.65,9.858011365804755,0.08483415017840887,9.858376383632967,2,-4.087734583078143,248.71260897575067,0.32459125,0.9999999995,0.044772344518505404,0.25632962953740984,0.8665211724338965,0.5419057864974529
asym_no1_sh250_lo10000_int2000,asymmetric,1,10000,250,10000,2000,16400,12983.65,9.858011365804755,0.08483415017840887,9.858376383632967,2,-4.087710553801372,248.68433523170575,0.32459125,0.9999999995,0.044772344518505404,0.25629700082697815,0.8665211724338965,0.541897629319845
asym_no1_sh1000_lo10000_int2000,asymmetric,1,10000,1000,10000,2000,16400,12983.65,9.858011365804755,0.08483415017840887,9.858376383632967,2,-4.087688071915932,248.71478959744675,0.32459125,0.9999999995,0.044772344518505404,0.25626647327773133,0.8665211724338965,0.5418899974325333
asym_no1_sh2000_lo7000_int5000,asymmetric,1,7000,2000,7000,5000,16400,12983.65,9.858011365804755,0.08483415017840887,9.858376383632967,2,-4.085049791931377,248.74031459947776,0.32459125,0.9999999995,0.044772344518505404,0.25268402364872233,0.8665211724338965,0.5409943850252811
asym_no1_sh2000_lo10000_int2000,asymmetric,1,10000,2000,10000,2000,16400,12983.65,9.858011365804755,0.08483415017840887,9.858376383632967,2,-4.085002927215266,248.74253655428194,0.32459125,0.9999999995,0.044772344518505404,0.2526203873076858,0.8665211724338965,0.5409784759400219
asym_no4_sh500_lo3000_int2000,asymmetric,4,3000,500,3000,2000,16640,5983.650000000001,9.71582423698808,0.1840777642348564,9.717567865846409,2,-4.122614580208946,250.1149120433106,0.14959125,0.9999999995,0.4578794694901057,0.3036922421155314,0.39934528529605196,0.5402292491004222
asym_no4_sh250_lo3000_int3000,asymmetric,4,3000,250,3000,3000,16640,6983.650000000001,9.71582423698808,0.15771937510669895,9.71710430145365,2,-4.065293052062039,250.45730224478706,0.17459125,0.9999999995,0.45923948489643096,0.225856876480988,0.46608469774431543,0.5377952646554336
asym_no4_sh1000_lo3000_int3000,asymmetric,4,3000,1000,3000,3000,16640,6983.650000000001,9.71582423698808,0.15771937510669895,9.71710430145365,2,-4.065126579375466,250.9609724284947,0.17459125,0.9999999995,0.45923948489643096,0.22563082768489975,0.46608469774431543,0.5377387524564116
asym_no3_sh500_lo3000_int5000,asymmetric,3,3000,500,3000,5000,16528,8983.65,9.781664340786914,0.12260683730598348,9.782432709320137,2,-4.10461350970536,249.25312692785803,0.22459125,0.9999999995,0.26757756573892005,0.2792490712902714,0.5995635226408425,0.5365975397925085
asym_no4_sh250_lo3000_int2000,asymmetric,4,3000,250,3000,2000,16640,5983.650000000001,9.71582423698808,0.1840777642348564,9.717567865846409,2,-4.103428746520507,250.0632865973502,0.14959125,0.9999999995,0.4578794694901057,0.27764031313841137,0.39934528529605196,0.5337162668561422
asym_no4_sh1000_lo3000_int2000,asymmetric,4,3000,1000,3000,2000,16640,5983.650000000001,9.71582423698808,0.1840777642348564,9.717567865846409,2,-4.103263376517744,250.590192839719,0.14959125,0.9999999995,0.4578794694901057,0.27741576164709336,0.39934528529605196,0.5336601289833127
sym_no4_d500,symmetric,4,500,500,500,500,16640,1983.65,9.71582423698808,0.5552677710099555,9.7316783188496,2,-4.329139691999311,247.80523194091361,0.04959125,0.9999999995,0.41648191226966047,0.58412715215003,0.1323876355029979,0.533249174855672
asym_no3_sh500_lo5000_int3000,asymmetric,3,5000,500,5000,3000,16528,8983.65,9.781664340786914,0.12260683730598348,9.782432709320137,2,-4.094749151140242,249.34166577502359,0.22459125,0.9999999995,0.26757756573892005,0.26585452336931453,0.5995635226408425,0.5332489028122693
asym_no2_sh500_lo5000_int5000,asymmetric,2,5000,500,5000,5000,16448,10983.65,9.829241975563285,0.10028150150122213,9.82975351642749,2,-4.098352231573176,248.73568324136633,0.27459125,0.9999999995,0.12874674156188867,0.27074704965000523,0.7330423475373695,0.5331340345623159
asym_no3_sh250_lo3000_int5000,asymmetric,3,3000,250,3000,5000,16528,8983.65,9.781664340786914,0.12260683730598348,9.782432709320137,2,-4.093876802935711,249.14953614166575,0.22459125,0.9999999995,0.26757756573892005,0.2646699851398677,0.5995635226408425,0.5329527682549076
asym_no3_sh1000_lo3000_int5000,asymmetric,3,3000,1000,3000,5000,16528,8983.65,9.781664340786914,0.12260683730598348,9.782432709320137,2,-4.0937513502795895,249.42992149004382,0.22459125,0.9999999995,0.26757756573892005,0.2644996363429203,0.5995635226408425,0.5329101810556707
asym_no2_sh250_lo5000_int5000,asymmetric,2,5000,250,5000,5000,16448,10983.65,9.829241975563285,0.10028150150122213,9.82975351642749,2,-4.093594947985194,248.68966517609212,0.27459125,0.9999999995,0.12874674156188867,0.26428726186226853,0.7330423475373695,0.5315190876153817
asym_no2_sh1000_lo5000_int5000,asymmetric,2,5000,1000,5000,5000,16448,10983.65,9.829241975563285,0.10028150150122213,9.82975351642749,2,-4.0935168587974955,248.81322570395312,0.27459125,0.9999999995,0.12874674156188867,0.26418122664874405,0.7330423475373695,0.5314925788120005
asym_no4_sh2000_lo3000_int1000,asymmetric,4,3000,2000,3000,1000,16640,4983.650000000001,9.71582423698808,0.22101409889617013,9.718337709503404,2,-4.146410068947951,250.1579850564509,0.12459125000000001,0.9999999995,0.4556208852452173,0.3360034980490145,0.3326058728477885,0.5310575639105051
asym_no2_sh500_lo7000_int3000,asymmetric,2,7000,500,7000,3000,16448,10983.65,9.829241975563285,0.10028150150122213,9.82975351642749,2,-4.0905807426676875,248.85846406108152,0.27459125,0.9999999995,0.12874674156188867,0.2601943533064391,0.7330423475373695,0.5304958604764243
sym_no4_d1000,symmetric,4,1000,1000,1000,1000,16640,2983.65,9.71582423698808,0.3691642498161307,9.72283512394339,2,-4.25166657171525,249.12132997422677,0.07459125,0.9999999995,0.4424262718914637,0.47892848004372585,0.1991270479512614,0.5301204498466128
asym_no3_sh250_lo5000_int3000,asymmetric,3,5000,250,5000,3000,16528,8983.65,9.781664340786914,0.12260683730598348,9.782432709320137,2,-4.084010205261648,249.2887924272237,0.22459125,0.9999999995,0.26757756573892005,0.25127239679293095,0.5995635226408425,0.5296033711681734
asym_no3_sh1000_lo5000_int3000,asymmetric,3,5000,1000,5000,3000,16528,8983.65,9.781664340786914,0.12260683730598348,9.782432709320137,2,-4.083901351549181,249.57352604644137,0.22459125,0.9999999995,0.26757756573892005,0.2511245872563668,0.5995635226408425,0.5295664187840323
asym_no2_sh250_lo7000_int3000,asymmetric,2,7000,250,7000,3000,16448,10983.65,9.829241975563285,0.10028150150122213,9.82975351642749,2,-4.085812774691598,248.82424060055052,0.27459125,0.9999999995,0.12874674156188867,0.2537200574746599,0.7330423475373695,0.5288772865184794
asym_no2_sh1000_lo7000_int3000,asymmetric,2,7000,1000,7000,3000,16448,10983.65,9.829241975563285,0.10028150150122213,9.82975351642749,2,-4.085763235548394,248.94914910057875,0.27459125,0.9999999995,0.12874674156188867,0.25365278960080645,0.7330423475373695,0.5288604695500161
asym_no2_sh2000_lo5000_int5000,asymmetric,2,5000,2000,5000,5000,16448,10983.65,9.829241975563285,0.10028150150122213,9.82975351642749,2,-4.0827766638026235,248.925898322089,0.27459125,0.9999999995,0.12874674156188867,0.2495974039308695,0.7330423475373695,0.5278466231325318
sym_no2_d5000,symmetric,2,5000,5000,5000,5000,16448,10983.65,9.829241975563285,0.10028150150122213,9.82975351642749,2,-4.082390058030007,248.90937190371665,0.27459125,0.9999999995,0.12874674156188867,0.24907244232149076,0.7330423475373695,0.5277153827301873
asym_no1_sh500_lo10000_int1000,asymmetric,1,10000,500,10000,1000,16400,11983.65,9.858011365804755,0.09191330804587071,9.858439843328744,2,-4.09426796996029,248.63907516343812,0.29959125,0.9999999995,0.04458616506795612,0.2652011403509482,0.7997817599856328,0.5273922662261343
asym_no1_sh250_lo10000_int1000,asymmetric,1,10000,250,10000,1000,16400,11983.65,9.858011365804755,0.09191330804587071,9.858439843328744,2,-4.093079721165626,248.6282316888966,0.29959125,0.9999999995,0.04458616506795612,0.2635876491830149,0.7997817599856328,0.526988893434151
asym_no1_sh1000_lo10000_int1000,asymmetric,1,10000,1000,10000,1000,16400,11983.65,9.858011365804755,0.09191330804587071,9.858439843328744,2,-4.093058320695836,248.6585279290877,0.29959125,0.9999999995,0.04458616506795612,0.2635585900590748,0.7997817599856328,0.526981628653166
asym_no1_sh2000_lo10000_int1000,asymmetric,1,10000,2000,10000,1000,16400,11983.65,9.858011365804755,0.09191330804587071,9.858439843328744,2,-4.090373242884972,248.68603223947363,0.29959125,0.9999999995,0.04458616506795612,0.25991259491689755,0.7997817599856328,0.5260701298676217
asym_no2_sh2000_lo7000_int3000,asymmetric,2,7000,2000,7000,3000,16448,10983.65,9.829241975563285,0.10028150150122213,9.82975351642749,2,-4.07500841834647,249.05899397536,0.27459125,0.9999999995,0.12874674156188867,0.23904911178016175,0.7330423475373695,0.525209550094855
asym_no3_sh2000_lo3000_int5000,asymmetric,3,3000,2000,3000,5000,16528,8983.65,9.781664340786914,0.12260683730598348,9.782432709320137,2,-4.0695694308459105,249.68804012796542,0.22459125,0.9999999995,0.26757756573892005,0.23166365653370055,0.5995635226408425,0.5247011861033657
asym_no3_sh500_lo5000_int2000,asymmetric,3,5000,500,5000,2000,16528,7983.65,9.781664340786914,0.13796407833057542,9.782637239657408,2,-4.116220702345678,249.12304021370176,0.19959125,0.9999999995,0.26697751013910465,0.2950101668569192,0.5328241101925789,0.5237029466721507
asym_no3_sh500_lo5000_int1000,asymmetric,3,5000,500,5000,1000,16528,6983.65,9.781664340786914,0.15771937510669898,9.782935790298653,2,-4.164564143739052,248.68342169758324,0.17459125,0.9999999995,0.26610161570457713,0.3606544292925224,0.46608469774431543,0.5232101855603537
asym_no4_sh2000_lo3000_int3000,asymmetric,4,3000,2000,3000,3000,16640,6983.650000000001,9.71582423698808,0.15771937510669895,9.71710430145365,2,-4.021998980659884,251.40507859621405,0.17459125,0.9999999995,0.45923948489643096,0.16706901812594954,0.46608469774431543,0.523098300066674
asym_no3_sh2000_lo5000_int3000,asymmetric,3,5000,2000,5000,3000,16528,8983.65,9.781664340786914,0.12260683730598348,9.782432709320137,2,-4.059693771657382,249.82198057456586,0.22459125,0.9999999995,0.26757756573892005,0.21825376379931186,0.5995635226408425,0.5213487129197686
asym_no3_sh250_lo5000_int2000,asymmetric,3,5000,250,5000,2000,16528,7983.65,9.781664340786914,0.13796407833057542,9.782637239657408,2,-4.1054822348723246,249.06365906995987,0.19959125,0.9999999995,0.26697751013910465,0.2804286898941806,0.5328241101925789,0.520057577431466
asym_no3_sh1000_lo5000_int2000,asymmetric,3,5000,1000,5000,2000,16528,7983.65,9.781664340786914,0.13796407833057542,9.782637239657408,2,-4.1053361327694535,249.35994730445964,0.19959125,0.9999999995,0.26697751013910465,0.2802303017673359,0.5328241101925789,0.5200079803997548
asym_no3_sh250_lo5000_int1000,asymmetric,3,5000,250,5000,1000,16528,6983.65,9.781664340786914,0.15771937510669898,9.782935790298653,2,-4.153767682880502,248.5752043884995,0.17459125,0.9999999995,0.26610161570457713,0.34599420466748076,0.46608469774431543,0.5195451294040934
asym_no3_sh1000_lo5000_int1000,asymmetric,3,5000,1000,5000,1000,16528,6983.65,9.781664340786914,0.15771937510669898,9.782935790298653,2,-4.153722884695338,248.86281871050346,0.17459125,0.9999999995,0.26610161570457713,0.34593337441339056,0.46608469774431543,0.5195299218405708
asym_no4_sh2000_lo3000_int2000,asymmetric,4,3000,2000,3000,2000,16640,5983.650000000001,9.71582423698808,0.1840777642348564,9.717567865846409,2,-4.0601697226749565,251.0530880393015,0.14959125,0.9999999995,0.4578794694901057,0.21890004492046614,0.39934528529605196,0.5190311998016559
asym_no2_sh500_lo7000_int2000,asymmetric,2,7000,500,7000,2000,16448,9983.65,9.829241975563285,0.11032607452824353,9.829861120936352,2,-4.10012246582595,248.75308540767537,0.24959125000000001,0.9999999995,0.12843104908824513,0.2731508032619176,0.666302935089106,0.5169711967348172
sym_no4_d3000,symmetric,4,3000,3000,3000,3000,16640,6983.650000000001,9.71582423698808,0.15771937510669895,9.71710430145365,2,-4.00291914371885,251.5953658749659,0.17459125,0.9999999995,0.45923948489643096,0.14116101928916355,0.46608469774431543,0.5166213003574774
asym_no2_sh250_lo7000_int2000,asymmetric,2,7000,250,7000,2000,16448,9983.65,9.829241975563285,0.11032607452824353,9.829861120936352,2,-4.095355182273222,248.7171702793721,0.24959125000000001,0.9999999995,0.12843104908824513,0.266677436790264,0.666302935089106,0.5153528551169038
asym_no2_sh1000_lo7000_int2000,asymmetric,2,7000,1000,7000,2000,16448,9983.65,9.829241975563285,0.11032607452824353,9.829861120936352,2,-4.09528672429415,248.84512280200732,0.24959125000000001,0.9999999995,0.12843104908824513,0.26658447953661174,0.666302935089106,0.5153296158034907
asym_no3_sh2000_lo5000_int2000,asymmetric,3,5000,2000,5000,2000,16528,7983.65,9.781664340786914,0.13796407833057542,9.782637239657408,2,-4.0811372657975475,249.6175819658623,0.19959125,0.9999999995,0.26697751013910465,0.24737130935051221,0.5328241101925789,0.5117932322955488
asym_no2_sh2000_lo7000_int2000,asymmetric,2,7000,2000,7000,2000,16448,9983.65,9.829241975563285,0.11032607452824353,9.829861120936352,2,-4.084543167456855,248.9573770290102,0.24959125000000001,0.9999999995,0.12843104908824513,0.25199609186307975,0.666302935089106,0.5116825188851077
asym_no3_sh2000_lo5000_int1000,asymmetric,3,5000,2000,5000,1000,16528,6983.65,9.781664340786914,0.15771937510669898,9.782935790298653,2,-4.129529054744162,249.10724817839,0.17459125,0.9999999995,0.26610161570457713,0.31308122163191726,0.46608469774431543,0.5113168836452024
asym_no1_sh500_lo5000_int5000,asymmetric,1,5000,500,5000,5000,16400,10983.65,9.858011365804755,0.10028150150122213,9.85852141387739,2,-4.088693307041243,248.6895216057211,0.27459125,0.9999999995,0.044346851599116686,0.2576314550927096,0.7330423475373695,0.508755163432299
asym_no1_sh250_lo5000_int5000,asymmetric,1,5000,250,5000,5000,16400,10983.65,9.858011365804755,0.10028150150122213,9.85852141387739,2,-4.087505821386755,248.6786581975112,0.27459125,0.9999999995,0.044346851599116686,0.2560190001723529,0.7330423475373695,0.5083520497022098
asym_no1_sh1000_lo5000_int5000,asymmetric,1,5000,1000,5000,5000,16400,10983.65,9.858011365804755,0.10028150150122213,9.85852141387739,2,-4.087483448785924,248.70887548023472,0.27459125,0.9999999995,0.044346851599116686,0.2559886210177454,0.7330423475373695,0.5083444549135578
sym_no4_d2000,symmetric,4,2000,2000,2000,2000,16640,4983.650000000001,9.71582423698808,0.22101409889617013,9.718337709503404,2,-4.079260971143803,250.89132587283893,0.12459125000000001,0.9999999995,0.4556208852452173,0.24482353916479702,0.3326058728477885,0.5082625741894506
asym_no1_sh500_lo7000_int3000,asymmetric,1,7000,500,7000,3000,16400,10983.65,9.858011365804755,0.10028150150122213,9.85852141387739,2,-4.0867570482061515,248.72286636769962,0.27459125,0.9999999995,0.044346851599116686,0.2550022611534582,0.7330423475373695,0.5080978649474861
asym_no1_sh250_lo7000_int3000,asymmetric,1,7000,250,7000,3000,16400,10983.65,9.858011365804755,0.10028150150122213,9.85852141387739,2,-4.085568893051999,248.71280679916998,0.27459125,0.9999999995,0.044346851599116686,0.2533888971374637,0.7330423475373695,0.5076945239434876
asym_no1_sh1000_lo7000_int3000,asymmetric,1,7000,1000,7000,3000,16400,10983.65,9.858011365804755,0.10028150150122213,9.85852141387739,2,-4.085548303989336,248.74311982054465,0.27459125,0.9999999995,0.044346851599116686,0.2533609398014987,0.7330423475373695,0.5076875346094962
asym_no2_sh500_lo7000_int1000,asymmetric,2,7000,500,7000,1000,16448,8983.65,9.829241975563285,0.12260683730598348,9.83000662516203,2,-4.121595807102945,248.54962008417593,0.22459125,0.9999999995,0.12800416559223285,0.3023088774396796,0.5995635226408425,0.5074691412931887
asym_no1_sh2000_lo5000_int5000,asymmetric,1,5000,2000,5000,5000,16400,10983.65,9.858011365804755,0.10028150150122213,9.85852141387739,2,-4.084798639681828,248.73660512376438,0.27459125,0.9999999995,0.044346851599116686,0.25234299074528127,0.7330423475373695,0.5074330473454418
sym_no1_d5000,symmetric,1,5000,5000,5000,5000,16400,10983.65,9.858011365804755,0.10028150150122213,9.85852141387739,2,-4.084702224534365,248.73342893684077,0.27459125,0.9999999995,0.044346851599116686,0.2522120712025189,0.7330423475373695,0.5074003174597512
asym_no1_sh2000_lo7000_int3000,asymmetric,1,7000,2000,7000,3000,16400,10983.65,9.858011365804755,0.10028150150122213,9.85852141387739,2,-4.082862580896555,248.77064545860168,0.27459125,0.9999999995,0.044346851599116686,0.24971406844831395,0.7330423475373695,0.5067758167712
asym_no2_sh250_lo7000_int1000,asymmetric,2,7000,250,7000,1000,16448,8983.65,9.829241975563285,0.12260683730598348,9.83000662516203,2,-4.116816174044554,248.50266125676103,0.22459125,0.9999999995,0.12800416559223285,0.29581874190551627,0.5995635226408425,0.5058466074096479
asym_no2_sh1000_lo7000_int1000,asymmetric,2,7000,1000,7000,1000,16448,8983.65,9.829241975563285,0.12260683730598348,9.83000662516203,2,-4.116782088444252,248.6284132672756,0.22459125,0.9999999995,0.12800416559223285,0.2957724579830849,0.5995635226408425,0.50583503642904
asym_no2_sh2000_lo7000_int1000,asymmetric,2,7000,2000,7000,1000,16448,8983.65,9.829241975563285,0.12260683730598348,9.83000662516203,2,-4.1060275717972585,248.73733374675837,0.22459125,0.9999999995,0.12800416559223285,0.2811691882779199,0.5995635226408425,0.5021842190027488
asym_no2_sh500_lo3000_int5000,asymmetric,2,3000,500,3000,5000,16448,8983.65,9.829241975563285,0.12260683730598348,9.83000662516203,2,-4.093981353819654,248.79892789526406,0.22459125,0.9999999995,0.12800416559223285,0.26481195198098684,0.5995635226408425,0.4980949099285155
asym_no2_sh500_lo5000_int3000,asymmetric,2,5000,500,5000,3000,16448,8983.65,9.829241975563285,0.12260683730598348,9.83000662516203,2,-4.089604021546015,248.8501773970528,0.22459125,0.9999999995,0.12800416559223285,0.25886808989222054,0.5995635226408425,0.49660894440632397
asym_no2_sh250_lo3000_int5000,asymmetric,2,3000,250,3000,5000,16448,8983.65,9.829241975563285,0.12260683730598348,9.83000662516203,2,-4.0892230152770415,248.75391895488087,0.22459125,0.9999999995,0.12800416559223285,0.25835073169865286,0.5995635226408425,0.496479604857932
asym_no2_sh1000_lo3000_int5000,asymmetric,2,3000,1000,3000,5000,16448,8983.65,9.829241975563285,0.12260683730598348,9.83000662516203,2,-4.089146404011787,248.87670846613403,0.22459125,0.9999999995,0.12800416559223285,0.2582467033163753,0.5995635226408425,0.49645359776236264
asym_no3_sh500_lo3000_int3000,asymmetric,3,3000,500,3000,3000,16528,6983.650000000001,9.781664340786914,0.15771937510669895,9.782935790298653,2,-4.084911340250824,249.45877897564935,0.17459125,0.9999999995,0.26610161570457713,0.25249602382514896,0.46608469774431543,0.49617058419351034
asym_no2_sh250_lo5000_int3000,asymmetric,2,5000,250,5000,3000,16448,8983.65,9.829241975563285,0.12260683730598348,9.83000662516203,2,-4.0848452353210485,248.81667813012314,0.22459125,0.9999999995,0.12800416559223285,0.252406261714025,0.5995635226408425,0.49499348736177506
asym_no2_sh1000_lo5000_int3000,asymmetric,2,5000,1000,5000,3000,16448,8983.65,9.829241975563285,0.12260683730598348,9.83000662516203,2,-4.084771902156859,248.94055401894465,0.22459125,0.9999999995,0.12800416559223285,0.2523066845772612,0.5995635226408425,0.4949685930775841
asym_no2_sh2000_lo3000_int5000,asymmetric,2,3000,2000,3000,5000,16448,8983.65,9.829241975563285,0.12260683730598348,9.83000662516203,2,-4.078403657343463,248.9892885581725,0.22459125,0.9999999995,0.12800416559223285,0.24365941574955927,0.5995635226408425,0.49280677587065863
asym_no3_sh250_lo3000_int3000,asymmetric,3,3000,250,3000,3000,16528,6983.650000000001,9.781664340786914,0.15771937510669895,9.782935790298653,2,-4.074183920779429,249.4097159815501,0.17459125,0.9999999995,0.26610161570457713,0.23792954864794855,0.46608469774431543,0.4925289653992102
asym_no3_sh1000_lo3000_int3000,asymmetric,3,3000,1000,3000,3000,16528,6983.650000000001,9.781664340786914,0.15771937510669895,9.782935790298653,2,-4.074039417453154,249.69177703882377,0.17459125,0.9999999995,0.26610161570457713,0.23773333145696174,0.46608469774431543,0.49247991110146355
asym_no1_sh500_lo7000_int2000,asymmetric,1,7000,500,7000,2000,16400,9983.65,9.858011365804755,0.11032607452824353,9.858628704391728,2,-4.089137362708418,248.69660108748454,0.24959125000000001,0.9999999995,0.04403208032951218,0.2582344263730296,0.666302935089106,0.4921423603229119
asym_no1_sh250_lo7000_int2000,asymmetric,1,7000,250,7000,2000,16400,9983.65,9.858011365804755,0.11032607452824353,9.858628704391728,2,-4.087949252554486,248.68641713932266,0.24959125000000001,0.9999999995,0.04403208032951218,0.2566211234616275,0.666302935089106,0.4917390345950614
asym_no1_sh1000_lo7000_int2000,asymmetric,1,7000,1000,7000,2000,16400,9983.65,9.858011365804755,0.11032607452824353,9.858628704391728,2,-4.087927480160136,248.71695518208486,0.24959125000000001,0.9999999995,0.04403208032951218,0.2565915593113034,0.666302935089106,0.49173164355748045
asym_no2_sh2000_lo5000_int3000,asymmetric,2,5000,2000,5000,3000,16448,8983.65,9.829241975563285,0.12260683730598348,9.83000662516203,2,-4.074024097342309,249.05073617929557,0.22459125,0.9999999995,0.12800416559223285,0.23771252868935036,0.5995635226408425,0.4913200541056064
asym_no1_sh2000_lo7000_int2000,asymmetric,1,7000,2000,7000,2000,16400,9983.65,9.858011365804755,0.11032607452824353,9.858628704391728,2,-4.085242460157831,248.74465810578965,0.24959125000000001,0.9999999995,0.04403208032951218,0.2529456426658177,0.666302935089106,0.490820164396109
asym_no3_sh500_lo3000_int2000,asymmetric,3,3000,500,3000,2000,16528,5983.650000000001,9.781664340786914,0.1840777642348564,9.783396235413754,2,-4.106360006853124,249.24257901818515,0.14959125,0.9999999995,0.2647507517036167,0.2816205929239493,0.39934528529605196,0.4864291573559045
asym_no3_sh500_lo3000_int1000,asymmetric,3,3000,500,3000,1000,16528,4983.650000000001,9.781664340786914,0.22101409889617013,9.7841608995219,2,-4.154762805115041,248.81307349955054,0.12459125000000001,0.9999999995,0.26250736333300556,0.34734545445932047,0.3326058728477885,0.4856146725350286
asym_no3_sh2000_lo3000_int3000,asymmetric,3,3000,2000,3000,3000,16528,6983.650000000001,9.781664340786914,0.15771937510669895,9.782935790298653,2,-4.049822571338194,249.93987884311153,0.17459125,0.9999999995,0.26610161570457713,0.2048499256440092,0.46608469774431543,0.4842590596482254
asym_no2_sh500_lo5000_int2000,asymmetric,2,5000,500,5000,2000,16448,7983.65,9.829241975563285,0.13796407833057542,9.830210165662017,2,-4.099131107270817,248.7498070179619,0.19959125,0.9999999995,0.12740701399880194,0.27180466406939713,0.5328241101925789,0.4830089469401945
asym_no3_sh250_lo3000_int2000,asymmetric,3,3000,250,3000,2000,16528,5983.650000000001,9.781664340786914,0.1840777642348564,9.783396235413754,2,-4.095616227488899,249.18707967659572,0.14959125,0.9999999995,0.2647507517036167,0.2670319030870684,0.39934528529605196,0.4827819848966843
asym_no3_sh1000_lo3000_int2000,asymmetric,3,3000,1000,3000,2000,16528,5983.650000000001,9.781664340786914,0.1840777642348564,9.783396235413754,2,-4.095471928426812,249.48062045208263,0.14959125,0.9999999995,0.2647507517036167,0.26683596326094355,0.39934528529605196,0.48273299994015306
asym_no3_sh250_lo3000_int1000,asymmetric,3,3000,250,3000,1000,16528,4983.650000000001,9.781664340786914,0.22101409889617013,9.7841608995219,2,-4.143974866464497,248.70863382066264,0.12459125000000001,0.9999999995,0.26250736333300556,0.33269680191195367,0.3326058728477885,0.4819525093981869
asym_no3_sh1000_lo3000_int1000,asymmetric,3,3000,1000,3000,1000,16528,4983.650000000001,9.781664340786914,0.22101409889617013,9.7841608995219,2,-4.143899134523455,248.99341553727072,0.12459125000000001,0.9999999995,0.26250736333300556,0.33259396754043974,0.3326058728477885,0.4819268008053084
asym_no2_sh250_lo5000_int2000,asymmetric,2,5000,250,5000,2000,16448,7983.65,9.829241975563285,0.13796407833057542,9.830210165662017,2,-4.094372443784774,248.7146059317749,0.19959125,0.9999999995,0.12740701399880194,0.2653430025550944,0.5328241101925789,0.4813935315616188
asym_no2_sh1000_lo5000_int2000,asymmetric,2,5000,1000,5000,2000,16448,7983.65,9.829241975563285,0.13796407833057542,9.830210165662017,2,-4.09429173410054,248.8415385638766,0.19959125,0.9999999995,0.12740701399880194,0.26523340903960846,0.5328241101925789,0.48136613318274735
sym_no3_d3000,symmetric,3,3000,3000,3000,3000,16528,6983.650000000001,9.781664340786914,0.15771937510669895,9.782935790298653,2,-4.0391028043875306,250.0474766805605,0.17459125,0.9999999995,0.26610161570457713,0.1902938416194589,0.46608469774431543,0.4806200386420878
asym_no2_sh2000_lo5000_int2000,asymmetric,2,5000,2000,5000,2000,16448,7983.65,9.829241975563285,0.13796407833057542,9.830210165662017,2,-4.083545646292682,248.9541333007153,0.19959125,0.9999999995,0.12740701399880194,0.2506415846290329,0.5328241101925789,0.47771817708010345
asym_no1_sh500_lo7000_int1000,asymmetric,1,7000,500,7000,1000,16400,8983.65,9.858011365804755,0.12260683730598348,9.858773784040787,2,-4.094506546243039,248.64267038247408,0.22459125,0.9999999995,0.04360644246571906,0.26552509668637436,0.5995635226408425,0.47717376532323397
asym_no1_sh250_lo7000_int1000,asymmetric,1,7000,250,7000,1000,16400,8983.65,9.858011365804755,0.12260683730598348,9.858773784040787,2,-4.093317666357908,248.63173770388786,0.22459125,0.9999999995,0.04360644246571906,0.26391074857762264,0.5995635226408425,0.476770178296046
asym_no1_sh1000_lo7000_int1000,asymmetric,1,7000,1000,7000,1000,16400,8983.65,9.858011365804755,0.12260683730598348,9.858773784040787,2,-4.093298033824995,248.6621170345751,0.22459125,0.9999999995,0.04360644246571906,0.2638840900877493,0.5995635226408425,0.47676351367357767
asym_no1_sh2000_lo7000_int1000,asymmetric,1,7000,2000,7000,1000,16400,8983.65,9.858011365804755,0.12260683730598348,9.858773784040787,2,-4.090612331787126,248.68957832303775,0.22459125,0.9999999995,0.04360644246571906,0.2602372473244643,0.5995635226408425,0.4758518029827564
asym_no1_sh500_lo3000_int5000,asymmetric,1,3000,500,3000,5000,16400,8983.65,9.858011365804755,0.12260683730598348,9.858773784040787,2,-4.087600400969661,248.70539820546475,0.22459125,0.9999999995,0.04360644246571906,0.2561474272512364,0.5995635226408425,0.4748293479644494
asym_no3_sh2000_lo3000_int2000,asymmetric,3,3000,2000,3000,2000,16528,5983.650000000001,9.781664340786914,0.1840777642348564,9.783396235413754,2,-4.0712657388737234,249.73792457286598,0.14959125,0.9999999995,0.2647507517036167,0.23396702770753336,0.39934528529605196,0.4745157660518005
asym_no1_sh500_lo5000_int3000,asymmetric,1,5000,500,5000,3000,16400,8983.65,9.858011365804755,0.12260683730598348,9.858773784040787,2,-4.086507091418487,248.7204531918577,0.22459125,0.9999999995,0.04360644246571906,0.25466285153564705,0.5995635226408425,0.4744582040355521
asym_no1_sh250_lo3000_int5000,asymmetric,1,3000,250,3000,5000,16400,8983.65,9.858011365804755,0.12260683730598348,9.858773784040787,2,-4.086412849278961,248.69460969883147,0.22459125,0.9999999995,0.04360644246571906,0.25453488266207847,0.5995635226408425,0.47442621181715994
asym_no1_sh1000_lo3000_int5000,asymmetric,1,3000,1000,3000,5000,16400,8983.65,9.858011365804755,0.12260683730598348,9.858773784040787,2,-4.08639056887067,248.7247691821695,0.22459125,0.9999999995,0.04360644246571906,0.25450462869324925,0.5995635226408425,0.4744186483249527
asym_no1_sh250_lo5000_int3000,asymmetric,1,5000,250,5000,3000,16400,8983.65,9.858011365804755,0.12260683730598348,9.858773784040787,2,-4.085319511546905,248.71044704553523,0.22459125,0.9999999995,0.04360644246571906,0.2530502686804258,0.5995635226408425,0.47405505832174677
asym_no1_sh1000_lo5000_int3000,asymmetric,1,5000,1000,5000,3000,16400,8983.65,9.858011365804755,0.12260683730598348,9.858773784040787,2,-4.085297435992452,248.7406844707901,0.22459125,0.9999999995,0.04360644246571906,0.2530202928771274,0.5995635226408425,0.4740475643709222
asym_no3_sh2000_lo3000_int1000,asymmetric,3,3000,2000,3000,1000,16528,4983.650000000001,9.781664340786914,0.22101409889617013,9.7841608995219,2,-4.119694834795324,249.23760782073936,0.12459125000000001,0.9999999995,0.26250736333300556,0.29972759812965233,0.3326058728477885,0.4737102084526116
asym_no1_sh2000_lo3000_int5000,asymmetric,1,3000,2000,3000,5000,16400,8983.65,9.858011365804755,0.12260683730598348,9.858773784040787,2,-4.083705600228659,248.75249051780605,0.22459125,0.9999999995,0.04360644246571906,0.25085878178852894,0.5995635226408425,0.47350718659877256
asym_no2_sh500_lo5000_int1000,asymmetric,2,5000,500,5000,1000,16448,6983.65,9.829241975563285,0.15771937510669898,9.83050727152263,2,-4.120612582105142,248.54258212001977,0.17459125,0.9999999995,0.12653535829345686,0.30097378258650626,0.46608469774431543,0.47339845953106957
asym_no1_sh2000_lo5000_int3000,asymmetric,1,5000,2000,5000,3000,16400,8983.65,9.858011365804755,0.12260683730598348,9.858773784040787,2,-4.0826121516127545,248.7682351086901,0.22459125,0.9999999995,0.04360644246571906,0.2493740172406721,0.5995635226408425,0.4731359954618084
asym_no2_sh250_lo5000_int1000,asymmetric,2,5000,250,5000,1000,16448,6983.65,9.829241975563285,0.15771937510669898,9.83050727152263,2,-4.115842510606753,248.49634141094253,0.17459125,0.9999999995,0.12653535829345686,0.2944966304382158,0.46608469774431543,0.47177917149399695
asym_no2_sh1000_lo5000_int1000,asymmetric,2,5000,1000,5000,1000,16448,6983.65,9.829241975563285,0.15771937510669898,9.83050727152263,2,-4.115781709589409,248.62108513847767,0.17459125,0.9999999995,0.12653535829345686,0.29441407036752426,0.46608469774431543,0.4717585314763241
asym_no2_sh2000_lo5000_int1000,asymmetric,2,5000,2000,5000,1000,16448,6983.65,9.829241975563285,0.15771937510669898,9.83050727152263,2,-4.105036650573926,248.73033299909002,0.17459125,0.9999999995,0.12653535829345686,0.27982364292652223,0.46608469774431543,0.46811092461607356
asym_no2_sh500_lo3000_int3000,asymmetric,2,3000,500,3000,3000,16448,6983.650000000001,9.829241975563285,0.15771937510669895,9.83050727152263,2,-4.08523192699588,248.90715495006833,0.17459125,0.9999999995,0.12653535829345686,0.25293133996771766,0.46608469774431543,0.46138784887637246
sym_no3_d2000,symmetric,3,2000,2000,2000,2000,16528,4983.650000000001,9.781664340786914,0.22101409889617013,9.7841608995219,2,-4.081989200315622,249.6435533389763,0.12459125000000001,0.9999999995,0.26250736333300556,0.24852812838264032,0.3326058728477885,0.4609103410158586
asym_no2_sh250_lo3000_int3000,asymmetric,2,3000,250,3000,3000,16448,6983.650000000001,9.829241975563285,0.15771937510669895,9.83050727152263,2,-4.080475422902392,248.87465912734623,0.17459125,0.9999999995,0.12653535829345686,0.24647261063464712,0.46608469774431543,0.4597731665431048
asym_no2_sh1000_lo3000_int3000,asymmetric,2,3000,1000,3000,3000,16448,6983.650000000001,9.829241975563285,0.15771937510669895,9.83050727152263,2,-4.080395050902769,248.99779854916565,0.17459125,0.9999999995,0.12653535829345686,0.24636347565203842,0.46608469774431543,0.4597458827974526
asym_no1_sh500_lo5000_int2000,asymmetric,1,5000,500,5000,2000,16400,7983.65,9.858011365804755,0.13796407833057542,9.858976730637178,2,-4.088886491406923,248.69454990820387,0.19959125,0.9999999995,0.04301103327971582,0.25789377496141597,0.5328241101925789,0.45843222948342766
asym_no1_sh250_lo5000_int2000,asymmetric,1,5000,250,5000,2000,16400,7983.65,9.858011365804755,0.13796407833057542,9.858976730637178,2,-4.087698920262654,248.6844187582503,0.19959125,0.9999999995,0.04301103327971582,0.25628120395677906,0.5328241101925789,0.4580290867322684
asym_no1_sh1000_lo5000_int2000,asymmetric,1,5000,1000,5000,2000,16400,7983.65,9.858011365804755,0.13796407833057542,9.858976730637178,2,-4.0876763829738705,248.71488194342427,0.19959125,0.9999999995,0.04301103327971582,0.25625060117681847,0.5328241101925789,0.4580214360372783
sym_no3_d1000,symmetric,3,1000,1000,1000,1000,16528,2983.65,9.781664340786914,0.3691642498161307,9.788628071347109,2,-4.178822963585636,248.6506889594901,0.07459125,0.9999999995,0.24940147642733362,0.3800160983225524,0.1991270479512614,0.45713615555028686
asym_no1_sh2000_lo5000_int2000,asymmetric,1,5000,2000,5000,2000,16400,7983.65,9.858011365804755,0.13796407833057542,9.858976730637178,2,-4.084991205754932,248.7426099256805,0.19959125,0.9999999995,0.04301103327971582,0.25260447105108286,0.5328241101925789,0.45710990350584435
asym_no2_sh2000_lo3000_int3000,asymmetric,2,3000,2000,3000,3000,16448,6983.650000000001,9.829241975563285,0.15771937510669895,9.83050727152263,2,-4.069645428311492,249.10786206316266,0.17459125,0.9999999995,0.12653535829345686,0.2317668514538646,0.46608469774431543,0.4560967267479092
sym_no2_d3000,symmetric,2,3000,3000,3000,3000,16448,6983.650000000001,9.829241975563285,0.15771937510669895,9.83050727152263,2,-4.064885057730945,249.1574624208751,0.17459125,0.9999999995,0.12653535829345686,0.22530287192172135,0.46608469774431543,0.45448073186487337
sym_no3_d500,symmetric,3,500,500,500,500,16528,1983.65,9.781664340786914,0.5552677710099555,9.797411881376872,2,-4.222395148834722,247.92277186497304,0.04959125,0.9999999995,0.22363134146154473,0.43918160001097173,0.1323876355029979,0.4488001441188786
asym_no2_sh500_lo3000_int2000,asymmetric,2,3000,500,3000,2000,16448,5983.650000000001,9.829241975563285,0.1840777642348564,9.830965488570333,2,-4.094754504156279,248.80757413206632,0.14959125,0.9999999995,0.12519103104560497,0.26586179208621724,0.39934528529605196,0.44759952698196853
asym_no2_sh250_lo3000_int2000,asymmetric,2,3000,250,3000,2000,16448,5983.650000000001,9.829241975563285,0.1840777642348564,9.830965488570333,2,-4.089994787021846,248.7733919636417,0.14959125,0.9999999995,0.12519103104560497,0.25939869985102487,0.39934528529605196,0.44598375392317047
asym_no2_sh1000_lo3000_int2000,asymmetric,2,3000,1000,3000,2000,16448,5983.650000000001,9.829241975563285,0.1840777642348564,9.830965488570333,2,-4.089914434999028,248.89957131309387,0.14959125,0.9999999995,0.12519103104560497,0.25928959199438406,0.39934528529605196,0.44595647695901025
asym_no1_sh500_lo5000_int1000,asymmetric,1,5000,500,5000,1000,16400,6983.65,9.858011365804755,0.15771937510669898,9.85927296962711,2,-4.09425617792579,248.6403493596808,0.17459125,0.9999999995,0.0421419208186291,0.26518512826357804,0.46608469774431543,0.4433529365816306
asym_no1_sh250_lo5000_int1000,asymmetric,1,5000,250,5000,1000,16400,6983.65,9.858011365804755,0.15771937510669898,9.85927296962711,2,-4.093067895560566,248.6294695439798,0.17459125,0.9999999995,0.0421419208186291,0.26357159151108095,0.46608469774431543,0.44294955239350636
asym_no1_sh1000_lo5000_int1000,asymmetric,1,5000,1000,5000,1000,16400,6983.65,9.858011365804755,0.15771937510669898,9.85927296962711,2,-4.093046598754071,248.65977469568077,0.17459125,0.9999999995,0.0421419208186291,0.26354267314874974,0.46608469774431543,0.44294232280292356
asym_no2_sh2000_lo3000_int2000,asymmetric,2,3000,2000,3000,2000,16448,5983.650000000001,9.829241975563285,0.1840777642348564,9.830965488570333,2,-4.079166905652418,249.01205006779205,0.14959125,0.9999999995,0.12519103104560497,0.24469581015700057,0.39934528529605196,0.44230803149966436
asym_no1_sh2000_lo5000_int1000,asymmetric,1,5000,2000,5000,1000,16400,6983.65,9.858011365804755,0.15771937510669898,9.85927296962711,2,-4.090361487096652,248.68726033509722,0.17459125,0.9999999995,0.0421419208186291,0.25989663204724217,0.46608469774431543,0.44203081252754667
asym_no1_sh500_lo3000_int3000,asymmetric,1,3000,500,3000,3000,16400,6983.650000000001,9.858011365804755,0.15771937510669895,9.85927296962711,2,-4.085414108989723,248.73586643841688,0.17459125,0.9999999995,0.0421419208186291,0.2531787200108045,0.46608469774431543,0.4403513345184372
asym_no1_sh250_lo3000_int3000,asymmetric,1,3000,250,3000,3000,16400,6983.650000000001,9.858011365804755,0.15771937510669895,9.85927296962711,2,-4.084226671948896,248.7259343097582,0.17459125,0.9999999995,0.0421419208186291,0.2515663311016337,0.46608469774431543,0.4399482372911445
asym_no1_sh1000_lo3000_int3000,asymmetric,1,3000,1000,3000,3000,16400,6983.650000000001,9.858011365804755,0.15771937510669895,9.85927296962711,2,-4.0842041565839535,248.75611625582312,0.17459125,0.9999999995,0.0421419208186291,0.2515357580914692,0.46608469774431543,0.4399405940386034
asym_no1_sh2000_lo3000_int3000,asymmetric,1,3000,2000,3000,3000,16400,6983.650000000001,9.858011365804755,0.15771937510669895,9.85927296962711,2,-4.0815187590634725,248.7836572939994,0.17459125,0.9999999995,0.0421419208186291,0.2478893288241781,0.46608469774431543,0.43902898672178065
sym_no1_d3000,symmetric,1,3000,3000,3000,3000,16400,6983.650000000001,9.858011365804755,0.15771937510669895,9.85927296962711,2,-4.080329257711942,248.79656091607418,0.17459125,0.9999999995,0.0421419208186291,0.24627413684287133,0.46608469774431543,0.43862518872645395
asym_no2_sh500_lo3000_int1000,asymmetric,2,3000,500,3000,1000,16448,4983.650000000001,9.829241975563285,0.22101409889617013,9.83172645297285,2,-4.116247669687782,248.6028752365699,0.12459125000000001,0.9999999995,0.12295849695270385,0.29504678508746424,0.3326058728477885,0.43765278859698914
asym_no2_sh250_lo3000_int1000,asymmetric,2,3000,250,3000,1000,16448,4983.650000000001,9.829241975563285,0.22101409889617013,9.83172645297285,2,-4.111479280409248,248.55764290408013,0.12459125000000001,0.9999999995,0.12295849695270385,0.2885719171803956,0.3326058728477885,0.43603407162022195
asym_no2_sh1000_lo3000_int1000,asymmetric,2,3000,1000,3000,1000,16448,4983.650000000001,9.829241975563285,0.22101409889617013,9.83172645297285,2,-4.11141239130869,248.68161596886486,0.12459125000000001,0.9999999995,0.12295849695270385,0.2884810902647985,0.3326058728477885,0.4360113648913227
asym_no2_sh2000_lo3000_int1000,asymmetric,2,3000,2000,3000,1000,16448,4983.650000000001,9.829241975563285,0.22101409889617013,9.83172645297285,2,-4.1006652573257085,248.79076630580263,0.12459125000000001,0.9999999995,0.12295849695270385,0.2738878452810826,0.3326058728477885,0.43236305364539374
sym_no2_d2000,symmetric,2,2000,2000,2000,2000,16448,4983.650000000001,9.829241975563285,0.22101409889617013,9.83172645297285,2,-4.083928017739373,248.96583684635752,0.12459125000000001,0.9999999995,0.12295849695270385,0.2511607965608075,0.3326058728477885,0.4266812914653249
asym_no1_sh500_lo3000_int2000,asymmetric,1,3000,500,3000,2000,16400,5983.650000000001,9.858011365804755,0.1840777642348564,9.85972984982963,2,-4.087793227636469,248.7100272033707,0.14959125,0.9999999995,0.04080151563656647,0.2564092614102391,0.39934528529605196,0.42413901546071436
asym_no1_sh250_lo3000_int2000,asymmetric,1,3000,250,3000,2000,16400,5983.650000000001,9.858011365804755,0.1840777642348564,9.85972984982963,2,-4.08660559047635,248.69997112087805,0.14959125,0.9999999995,0.04080151563656647,0.25479660076444943,0.39934528529605196,0.42373585029926697
asym_no1_sh1000_lo3000_int2000,asymmetric,1,3000,1000,3000,2000,16400,5983.650000000001,9.858011365804755,0.1840777642348564,9.85972984982963,2,-4.086583075596912,248.73037764198267,0.14959125,0.9999999995,0.04080151563656647,0.254766028413538,0.39934528529605196,0.4237282072115391
asym_no1_sh2000_lo3000_int2000,asymmetric,1,3000,2000,3000,2000,16400,5983.650000000001,9.858011365804755,0.1840777642348564,9.85972984982963,2,-4.083897808465134,248.75809607386378,0.14959125,0.9999999995,0.04080151563656647,0.25111977619757,0.39934528529605196,0.42281664415754705
asym_no1_sh500_lo3000_int1000,asymmetric,1,3000,500,3000,1000,16400,4983.650000000001,9.858011365804755,0.22101409889617013,9.860488594397674,2,-4.093163643549864,248.6560071089685,0.12459125000000001,0.9999999995,0.03857549414284143,0.26370160513766616,0.3326058728477885,0.408720742907074
asym_no1_sh250_lo3000_int1000,asymmetric,1,3000,250,3000,1000,16400,4983.650000000001,9.858011365804755,0.22101409889617013,9.860488594397674,2,-4.091975466275334,248.64520218196031,0.12459125000000001,0.9999999995,0.03857549414284143,0.2620882110850043,0.3326058728477885,0.4083173943939085
asym_no1_sh1000_lo3000_int1000,asymmetric,1,3000,1000,3000,1000,16400,4983.650000000001,9.858011365804755,0.22101409889617013,9.860488594397674,2,-4.091953789798941,248.6754495393619,0.12459125000000001,0.9999999995,0.03857549414284143,0.26205877717910153,0.3326058728477885,0.4083100359174328
asym_no1_sh2000_lo3000_int1000,asymmetric,1,3000,2000,3000,1000,16400,4983.650000000001,9.858011365804755,0.22101409889617013,9.860488594397674,2,-4.0892685481997635,248.70292678014346,0.12459125000000001,0.9999999995,0.03857549414284143,0.2584125596331663,0.3326058728477885,0.40739848153094904
sym_no1_d2000,symmetric,1,2000,2000,2000,2000,16400,4983.650000000001,9.858011365804755,0.22101409889617013,9.860488594397674,2,-4.085087356598346,248.74543844877513,0.12459125000000001,0.9999999995,0.03857549414284143,0.25273503170246747,0.3326058728477885,0.4059790995482743
sym_no2_d1000,symmetric,2,1000,1000,1000,1000,16448,2983.65,9.829241975563285,0.3691642498161307,9.836172022566378,2,-4.12691980202827,248.5250903362172,0.07459125,0.9999999995,0.10991598714923095,0.30953818735247685,0.1991270479512614,0.4046453054882423
sym_no2_d500,symmetric,2,500,500,500,500,16448,1983.65,9.829241975563285,0.5552677710099555,9.844913413113272,2,-4.146283759418584,248.20810800249672,0.04959125,0.9999999995,0.08427030339482333,0.33583198572686973,0.1323876355029979,0.3881224810311727
sym_no1_d1000,symmetric,1,1000,1000,1000,1000,16400,2983.65,9.858011365804755,0.3691642498161307,9.864921202507297,2,-4.095828525132318,248.63522736138438,0.07459125,0.9999999995,0.02557101102579228,0.2673201763629744,0.1991270479512614,0.37300455871000704
sym_no1_d500,symmetric,1,500,500,500,500,16400,1983.65,9.858011365804755,0.5552677710099555,9.873637140682154,2,-4.100669354197619,248.55729846652875,0.04959125,0.9999999995,0.0,0.2738934083135661,0.1323876355029979,0.351570260829141
